NTACode,NTAName,population_2022,DisplacementRiskIndex,Liquor_Licenses_2010,Liquor_Licenses_2011,Liquor_Licenses_2012,Liquor_Licenses_2013,Liquor_Licenses_2014,Liquor_Licenses_2015,Liquor_Licenses_2016,Liquor_Licenses_2017,Liquor_Licenses_2018,Liquor_Licenses_2019,Liquor_Licenses_2020,Liquor_Licenses_2021,Liquor_Licenses_2022,Liquor_Licenses_2023,Liquor_Licenses_2024,Liquor_Licenses_2025,Liquor_Licenses_2026,Evictions_2017,Evictions_2018,Evictions_2019,Evictions_2020,Evictions_2021,Evictions_2022,Evictions_2023,Evictions_2024,Evictions_2025,Evictions_2026,DOB_A1_2010,DOB_A1_2011,DOB_A1_2012,DOB_A1_2013,DOB_A1_2014,DOB_A1_2015,DOB_A1_2016,DOB_A1_2017,DOB_A1_2018,DOB_A1_2019,DOB_A1_2020,DOB_A1_2021,DOB_A1_2022,DOB_A1_2023,DOB_A1_2024,DOB_A1_2025,DOB_A1_2026,DOB_NB_2010,DOB_NB_2011,DOB_NB_2012,DOB_NB_2013,DOB_NB_2014,DOB_NB_2015,DOB_NB_2016,DOB_NB_2017,DOB_NB_2018,DOB_NB_2019,DOB_NB_2020,DOB_NB_2021,DOB_NB_2022,DOB_NB_2023,DOB_NB_2024,DOB_NB_2025,DOB_NB_2026,HPD_ClassA_2010,HPD_ClassA_2011,HPD_ClassA_2012,HPD_ClassA_2013,HPD_ClassA_2014,HPD_ClassA_2015,HPD_ClassA_2016,HPD_ClassA_2017,HPD_ClassA_2018,HPD_ClassA_2019,HPD_ClassA_2020,HPD_ClassA_2021,HPD_ClassA_2022,HPD_ClassA_2023,HPD_ClassA_2024,HPD_ClassA_2025,HPD_ClassA_2026,HPD_ClassB_2010,HPD_ClassB_2011,HPD_ClassB_2012,HPD_ClassB_2013,HPD_ClassB_2014,HPD_ClassB_2015,HPD_ClassB_2016,HPD_ClassB_2017,HPD_ClassB_2018,HPD_ClassB_2019,HPD_ClassB_2020,HPD_ClassB_2021,HPD_ClassB_2022,HPD_ClassB_2023,HPD_ClassB_2024,HPD_ClassB_2025,HPD_ClassB_2026,HPD_ClassC_2010,HPD_ClassC_2011,HPD_ClassC_2012,HPD_ClassC_2013,HPD_ClassC_2014,HPD_ClassC_2015,HPD_ClassC_2016,HPD_ClassC_2017,HPD_ClassC_2018,HPD_ClassC_2019,HPD_ClassC_2020,HPD_ClassC_2021,HPD_ClassC_2022,HPD_ClassC_2023,HPD_ClassC_2024,HPD_ClassC_2025,HPD_ClassC_2026,HPD_ClassI_2010,HPD_ClassI_2011,HPD_ClassI_2012,HPD_ClassI_2013,HPD_ClassI_2014,HPD_ClassI_2015,HPD_ClassI_2016,HPD_ClassI_2017,HPD_ClassI_2018,HPD_ClassI_2019,HPD_ClassI_2020,HPD_ClassI_2021,HPD_ClassI_2022,HPD_ClassI_2023,HPD_ClassI_2024,HPD_ClassI_2025,HPD_ClassI_2026,HPD_RentImpairing_2010,HPD_RentImpairing_2011,HPD_RentImpairing_2012,HPD_RentImpairing_2013,HPD_RentImpairing_2014,HPD_RentImpairing_2015,HPD_RentImpairing_2016,HPD_RentImpairing_2017,HPD_RentImpairing_2018,HPD_RentImpairing_2019,HPD_RentImpairing_2020,HPD_RentImpairing_2021,HPD_RentImpairing_2022,HPD_RentImpairing_2023,HPD_RentImpairing_2024,HPD_RentImpairing_2025,HPD_RentImpairing_2026
BX1104,Allerton,34623,Intermediate,0.0,0.0,0.2599,0.2311,0.1155,0.1444,0.1444,0.0578,0.0578,0.2022,0.0866,0.1733,0.0578,0.2022,0.1733,0.5777,0.2022,5.1989,5.8632,4.2169,0.5777,0.0289,0.6354,3.8991,3.4948,3.7547,0.9242,0.4332,0.4044,0.2311,0.4044,0.3177,0.1155,0.1155,0.1733,0.2311,0.491,0.0866,0.7509,0.6932,0.3466,0.2311,0.0578,0.0,0.7798,0.4332,0.7798,0.3466,0.6932,0.2599,0.3466,0.3177,0.6643,0.5488,0.8954,1.1842,1.0975,0.7221,0.4332,0.1733,0.0,5.1122,7.3362,16.3764,15.6255,17.214,22.5284,21.3731,21.0554,26.8319,28.6515,15.5677,39.6846,40.2911,53.3172,61.2599,47.5695,11.813,18.5137,24.579,48.5227,53.4327,52.9706,57.4474,60.9421,61.3754,62.935,57.8806,32.3196,61.0288,66.4298,107.0964,146.1456,103.6883,28.767,2.3973,2.455,11.2931,18.4848,17.6183,16.5208,20.1311,16.7519,21.0265,35.901,22.6728,33.2438,48.5227,82.0553,104.0638,78.4738,24.3191,0.0,0.0578,0.1444,0.1733,0.2599,12.2751,6.4119,5.401,7.6828,6.7007,0.982,6.7007,15.0189,7.0762,6.5852,7.0473,0.1444,1.0109,2.455,4.679,7.3362,5.8632,6.4986,7.1629,4.8811,5.7765,7.7116,4.4768,8.2893,9.589,16.6075,20.5066,17.5028,5.7187
SI0304,Annadale-Huguenot-Prince's Bay-Woodrow,40534,Low,0.0,0.0,0.0493,0.074,0.074,0.148,0.0493,0.0493,0.0247,0.0493,0.0247,0.0493,0.0247,0.0493,0.2714,0.3701,0.1234,0.3207,0.1974,0.3207,0.0493,0.0493,0.1234,0.4687,0.6168,0.3947,0.1234,1.8996,2.023,2.0477,1.6776,1.5296,1.6036,1.5789,1.2335,1.4062,1.6036,1.1102,0.8881,0.5921,0.3207,0.1974,0.1727,0.0493,12.212,14.1363,10.0903,11.4719,8.3387,8.1166,9.9423,11.3238,8.0426,7.3765,4.0707,4.8848,3.4539,1.7269,0.8881,0.4441,0.0987,0.0987,0.1727,0.0493,0.2714,0.3701,0.148,0.1974,0.1974,0.4194,0.7401,0.0987,0.2467,0.7154,0.7154,0.7895,0.7154,0.3207,1.0608,1.2089,0.8388,1.7763,0.8141,0.6661,0.5428,0.4934,1.1102,1.4062,0.3947,0.4687,0.9128,1.4556,3.0098,2.6151,2.2204,0.2467,0.074,0.1234,0.4194,0.7154,0.3701,0.148,0.0987,0.3454,0.4687,0.0493,0.148,0.2714,0.4934,0.4687,0.9868,0.5921,0.0247,0.0,0.0,0.0,0.0247,0.148,0.148,0.1234,1.6776,1.801,0.074,1.7269,3.8733,2.3684,2.3931,2.7631,0.0247,0.074,0.0,0.0,0.074,0.0,0.0,0.0,0.0,0.0,0.0,0.0,0.0,0.0,0.0,0.0,0.0,0.0
SI0303,Arden Heights-Rossville,30683,Lowest,0.0,0.0,0.0326,0.0652,0.1304,0.0652,0.0978,0.1304,0.0326,0.0652,0.0652,0.0326,0.0326,0.1304,0.1955,0.3911,0.0652,0.1304,0.1955,0.6518,0.0652,0.0,0.3911,0.4889,0.3585,0.5215,0.0652,0.4889,0.3585,0.0978,0.0978,0.2281,0.3585,0.2281,0.0978,0.0978,0.1304,0.163,0.2281,0.1304,0.0978,0.0,0.0326,0.0,5.6709,3.9761,2.9658,2.1836,1.7599,2.2488,2.7703,1.3688,1.597,1.3362,0.9777,1.1733,0.3259,0.0652,0.163,0.0652,0.0,0.163,0.0652,0.0652,0.3259,0.6518,0.1304,0.1955,0.3585,0.4237,0.3911,0.1955,0.3911,1.1733,0.4237,0.6518,0.4237,0.0326,1.3037,0.6192,0.7496,3.031,2.6399,0.4237,1.1081,1.0755,0.9126,0.6518,0.5215,0.88,1.1081,1.5318,1.3688,1.8903,0.1304,0.0326,0.0652,0.0978,0.8474,0.7496,0.2607,0.0652,0.5541,0.4889,0.0652,0.1955,0.1955,0.3585,0.2933,0.4237,0.3585,0.0,0.0,0.0,0.0,0.0652,0.0,0.0,0.0326,0.2607,2.7703,2.2162,0.1304,2.0533,5.1168,2.3792,2.2814,2.7377,0.0,0.0,0.0,0.0,0.0,0.0,0.0,0.0,0.0,0.0,0.0,0.0,0.0,0.0,0.0,0.0,0.0,0.0
QN0103,Astoria (Central),52220,Intermediate,0.0,0.0,0.2106,0.4404,0.4021,0.3255,0.4021,0.4787,0.2298,0.4979,0.1915,0.2298,0.383,0.5745,1.5511,2.1256,0.5745,1.3596,1.0915,0.9,0.1149,0.0191,0.0957,0.6894,1.283,1.4937,0.3447,1.0149,1.1681,0.9192,1.0915,1.4362,1.6277,1.6852,1.5703,1.2639,1.2639,0.6894,0.9,0.766,0.6511,0.2106,0.0957,0.0191,3.6576,3.1023,2.6427,2.3554,2.7959,3.964,2.6618,2.7193,3.1597,2.6044,2.3746,2.2022,1.3596,0.8809,0.4021,0.4213,0.1723,2.5469,1.7809,2.8916,3.6768,3.3321,4.3661,4.8257,6.8365,9.9004,8.2918,6.8173,31.1375,32.6503,34.144,35.1781,28.2842,3.2172,8.4259,8.0237,11.6813,11.8345,12.9069,12.2941,12.1792,11.0111,13.5389,12.5431,9.211,12.1409,14.707,19.7817,30.6588,27.0011,6.9897,1.5128,1.0532,2.2788,3.5427,5.1896,4.5385,4.6151,3.0448,3.9257,6.2811,6.3194,7.8705,11.6622,19.6668,24.3585,25.699,7.4684,0.0,0.0,0.0383,0.0574,0.0383,21.0073,12.4665,8.1769,11.892,10.5132,0.0957,9.977,21.9456,15.09,9.977,10.1877,0.2298,0.766,0.6319,1.1298,1.666,2.3363,1.8001,2.2788,1.6086,1.8575,2.0682,1.8767,2.5086,2.7767,5.63,7.0854,6.7407,1.8575
QN0104,Astoria (East)-Woodside (North),38673,Intermediate,0.0,0.0259,0.2327,0.3879,0.3879,0.3879,0.3103,0.3103,0.2586,0.4396,0.2844,0.2844,0.4396,0.6464,1.2412,2.0945,0.5172,1.2412,0.6206,1.1636,0.2327,0.0,0.181,0.7499,1.1636,1.5515,0.4654,1.7842,1.1119,1.1377,1.0602,1.3963,1.8618,1.5773,1.4998,1.7842,1.3705,1.0085,0.8533,0.905,0.4654,0.362,0.2327,0.0517,1.3446,1.3187,1.2929,1.1895,1.0085,1.2412,0.8275,1.1636,1.086,1.267,0.724,1.2153,0.543,0.2327,0.2069,0.0776,0.0,1.0085,1.267,3.0771,3.4391,3.8011,5.7404,5.7922,6.9299,10.3431,9.9294,4.7837,30.5122,31.831,34.5202,32.9687,25.5734,2.8185,4.9906,6.8265,9.5415,11.817,15.1268,13.0582,16.1353,12.8513,14.9975,15.3337,7.7832,10.9896,11.5326,17.1955,22.9876,18.9279,4.0855,0.8275,0.8016,3.5942,4.8096,5.094,3.5167,5.5853,3.8011,4.4475,8.0935,7.0333,6.7748,8.8434,16.3163,19.6002,19.9105,5.1199,0.0,0.0,0.0259,0.1034,0.0259,22.4187,11.6102,9.2312,13.4202,10.1621,0.2069,9.5933,24.8752,16.4973,10.2914,10.6534,0.1293,0.362,0.5172,1.4998,1.3963,1.6549,1.3705,2.8444,2.4824,2.2238,1.7842,1.8876,1.3446,2.6892,3.8787,5.999,4.732,1.4222
QN0101,Astoria (North)-Ditmars-Steinway,50225,Intermediate,0.0,0.0,0.0996,0.438,0.2787,0.3982,0.3982,0.2787,0.3385,0.2588,0.2588,0.2389,0.4181,0.5774,1.2145,1.7919,0.3982,0.9358,0.9557,0.7168,0.1593,0.0,0.2787,0.7367,1.2344,1.1747,0.3982,2.7078,2.6282,2.3892,2.1105,2.3096,2.6879,2.8074,2.3295,2.0508,2.3494,1.9512,1.7322,1.1548,0.5177,0.3385,0.2787,0.0,0.657,0.8761,0.6969,0.3186,0.8163,0.8362,0.3584,0.9756,1.0752,0.8163,0.7566,1.0154,0.9159,0.3783,0.1394,0.0796,0.0199,0.5774,1.6127,1.772,3.0065,2.5684,3.9821,4.7586,6.5903,7.0483,6.6103,6.4908,29.4475,29.6665,30.2638,29.109,20.5077,1.9512,3.783,7.0085,7.3668,12.5834,9.995,11.2295,13.3798,11.7073,10.6322,8.9,10.3136,12.9219,17.4017,17.3021,20.1095,10.891,3.9423,0.8561,1.1349,1.4136,3.1857,3.2653,5.8138,3.2056,5.1369,3.3051,4.7785,7.5261,10.4331,11.11,15.8487,15.5699,9.1588,2.8472,0.0398,0.0597,0.0597,0.0199,0.0597,21.4634,14.5744,8.6212,13.4395,11.7471,0.0796,10.4729,25.5052,14.8731,10.8113,11.2892,0.0199,0.3186,0.5774,0.8362,1.1946,1.3937,3.7033,1.4335,2.4291,1.1349,1.2544,1.7322,3.9423,3.3848,3.8825,4.3006,2.1304,0.6371
QN1101,Auburndale,36182,Intermediate,0.0,0.0,0.0553,0.1382,0.2487,0.2764,0.1658,0.1382,0.2764,0.2211,0.1106,0.1658,0.1658,0.3593,0.5528,0.8844,0.304,0.608,0.4975,0.3317,0.1382,0.0276,0.2211,0.4422,0.7739,0.5528,0.0829,5.5,3.7311,2.598,2.6256,4.2286,3.7311,4.9748,5.5276,5.0025,5.1407,2.4321,2.211,0.8568,0.5251,0.1382,0.2764,0.0553,4.505,3.8417,2.598,1.4648,0.8844,1.7136,1.6583,1.6859,1.8241,1.5201,1.1055,1.9347,0.7186,0.7186,0.4422,0.0,0.0,0.6357,0.1106,0.1658,0.3593,0.7186,0.9397,1.0779,0.995,1.1884,1.3543,0.7739,5.2789,6.6608,5.8593,6.9372,5.3341,0.3317,1.1055,3.5377,1.3819,2.0452,2.902,2.9573,3.5653,2.4045,3.3718,2.5427,2.7914,3.1784,4.7261,4.5603,6.4949,4.3392,0.6633,0.1382,0.3593,0.2211,0.7186,0.4146,1.0502,0.995,0.995,1.3819,0.8291,1.1332,1.1332,2.294,2.4874,3.5653,2.1281,0.8015,0.0276,0.0276,0.0,0.0276,0.0,4.3392,2.3769,1.3266,4.0904,3.7035,0.1382,4.5326,9.7562,6.3844,4.7537,4.7261,0.0276,0.0276,0.0829,0.0276,0.1106,0.1658,0.1658,0.3593,0.1382,0.3869,0.1935,0.0829,0.2211,0.3593,0.4698,0.8568,0.3593,0.0829
QN1203,Baisley Park,43090,Intermediate,0.0,0.0232,0.1392,0.2553,0.116,0.116,0.0464,0.116,0.1392,0.1625,0.0464,0.0696,0.0232,0.2553,0.5802,0.4409,0.0928,2.0654,2.6688,2.5296,0.5106,0.0696,0.4874,0.9747,1.4621,1.6245,0.557,2.1119,1.5549,2.1815,1.0211,1.8798,2.5296,2.5064,3.3186,2.692,3.6667,2.1815,1.9958,0.557,0.3481,0.2553,0.1625,0.0232,1.5085,1.1139,0.4874,0.673,0.789,0.8355,1.7638,1.346,1.3924,0.9515,1.1372,2.3207,0.4874,0.5802,0.4409,0.116,0.0,1.0675,1.6013,1.6013,1.7405,1.5781,2.019,1.6941,2.7385,2.576,2.1583,2.1119,4.8271,6.7765,5.8482,5.5697,8.7723,0.9747,12.764,13.2281,12.764,12.7176,10.0487,10.0487,9.631,14.0636,13.6227,9.1437,8.5171,10.6289,13.9011,13.9011,15.34,14.3653,3.7828,2.019,2.6456,2.4832,4.9431,4.363,3.6667,4.4558,4.2469,4.9896,3.5275,4.3398,5.6858,7.6584,7.4031,6.382,7.9369,1.9494,0.2089,0.0696,0.1625,0.2321,0.2321,1.9262,1.9726,1.9262,10.9306,10.1184,0.9747,10.6521,22.3486,12.5551,12.323,12.7872,0.1857,0.2553,0.1625,0.1392,0.2321,0.2553,0.2553,0.1625,0.4409,0.2089,0.0928,0.5106,0.4874,0.6034,0.673,0.8819,0.6034,0.5338
BK1102,Bath Beach,33070,High,0.0,0.0,0.0907,0.1512,0.1512,0.2117,0.2721,0.3024,0.1512,0.1512,0.121,0.121,0.121,0.1512,0.4838,0.7862,0.1512,1.391,1.4817,0.756,0.3629,0.0,0.5141,0.8769,1.2096,0.9072,0.1814,1.0281,0.8467,1.1793,1.0584,0.635,0.5443,0.7862,0.756,0.8769,0.5443,0.5141,0.6955,0.6048,0.3629,0.3326,0.121,0.0,0.6048,0.7257,0.9072,1.0886,1.391,0.6653,0.3326,0.5745,1.3003,1.5119,0.756,0.9374,0.6955,0.2721,0.3024,0.1814,0.0,1.1491,1.6631,2.6005,3.5984,4.687,4.4754,5.5035,5.9571,11.7629,12.0956,9.7672,27.4569,25.7635,22.3768,21.4394,20.1391,1.391,5.3825,4.2032,7.7714,11.4605,11.7629,14.1518,11.4303,15.0287,27.4267,23.4351,14.938,14.8473,10.9767,11.3698,20.4717,17.9317,4.1125,0.8467,0.6048,1.4817,3.5984,4.2637,3.7799,5.0499,4.5661,7.59,14.303,14.8171,11.2186,8.7088,9.7369,13.5773,14.5147,3.1146,0.0,0.0,0.0907,0.0605,0.0302,20.1089,9.0717,8.1947,10.9465,10.5836,0.0605,9.616,19.3529,11.0372,8.104,8.6181,0.0,0.7257,0.1814,0.4838,0.635,1.2096,1.3305,1.7236,1.8143,2.6913,3.5984,2.3284,2.8425,2.1772,1.7236,3.6891,3.9008,0.635
BK1001,Bay Ridge,86779,Intermediate,0.0,0.0,0.1152,0.4494,0.3227,0.4033,0.3111,0.2189,0.265,0.2535,0.1152,0.1959,0.2535,0.4033,0.7145,1.233,0.3457,1.3022,1.3252,1.0602,0.242,0.023,0.4379,1.0256,0.6568,1.0371,0.2189,1.1063,1.0025,1.1178,0.726,0.7145,0.7375,0.8412,0.8988,0.9565,0.749,0.6223,0.5416,0.4379,0.2766,0.242,0.1729,0.0115,0.4494,0.5186,0.3111,0.5416,0.4609,0.7029,0.8412,0.484,0.4033,0.3572,0.2189,0.242,0.2074,0.1152,0.1383,0.0346,0.0115,2.443,3.3879,3.6184,3.9987,5.7272,6.2342,6.2112,10.2675,11.3852,11.6157,10.4403,26.9305,27.2531,26.3313,27.1494,20.1546,2.9385,7.6631,9.5991,10.2559,11.1087,15.0728,15.8448,15.1765,19.2673,19.1521,20.3966,17.2738,30.111,26.4926,30.3069,42.2107,31.102,6.4762,1.3828,1.6133,2.8233,4.2291,4.7131,5.1625,5.7502,6.2342,6.0038,10.4749,10.8552,15.9025,17.3544,21.814,25.1098,24.0381,6.3379,0.023,0.0115,0.0576,0.0346,0.0346,12.3647,6.6606,4.9205,7.3174,6.7297,0.1613,6.8335,14.7732,8.5735,7.1907,6.9372,0.1037,0.9104,0.8297,1.1754,1.6018,1.6363,1.6594,1.982,2.1203,3.0192,3.3764,2.9615,5.1741,3.8604,5.0358,7.5479,6.4877,1.9129
QN0703,Bay Terrace-Clearview,23287,Low,0.0,0.0,0.0,0.0859,0.0,0.1718,0.0429,0.0859,0.0429,0.0859,0.1288,0.0,0.1288,0.3006,0.3435,0.9877,0.3006,0.773,0.6441,0.6871,0.2147,0.0,0.1288,0.4294,0.5153,0.3435,0.4294,1.5459,2.1471,1.6318,2.1471,1.7177,1.6748,2.7483,3.6501,2.1901,2.8342,1.0736,1.0736,0.773,0.3435,0.0859,0.0859,0.0429,0.773,0.2577,0.3865,1.0306,0.73,0.4724,0.3006,0.9018,1.9754,1.46,0.73,0.6871,0.0859,0.3006,0.1288,0.0859,0.0,0.0429,0.1288,0.0859,0.3865,0.5583,0.0859,0.9018,0.6871,0.5153,1.2883,0.4724,7.7296,2.4048,2.8342,1.8465,2.3189,0.4724,0.9447,1.9324,1.4171,1.8895,1.8036,2.3189,1.9754,1.8465,1.46,1.2883,0.6871,1.4171,1.7177,0.8159,1.9324,2.233,0.8159,0.1718,0.2147,0.0859,0.2577,0.2577,0.5153,0.6012,0.773,0.1288,0.2147,0.3006,0.3435,1.0736,0.3435,2.1901,2.2759,1.4171,0.0,0.0,0.0,0.0,0.0,5.9261,2.0183,1.7177,2.1042,3.006,0.0429,4.1225,5.969,2.7483,3.0919,2.7483,0.0429,0.0,0.1718,0.0,0.0,0.0,0.0859,0.1288,0.0429,0.0,0.0859,0.0429,0.0429,0.0859,0.0,0.3435,0.1718,0.2577
QN1102,Bayside,35588,Low,0.0,0.0,0.0843,0.2529,0.1967,0.3372,0.281,0.3653,0.1405,0.4777,0.1967,0.3372,0.281,0.6182,0.7306,1.3769,0.562,0.3091,0.4215,0.3934,0.0281,0.0,0.0843,0.2248,0.3934,0.8992,0.1405,3.2595,3.119,2.9504,3.7091,5.0298,4.4116,3.9058,4.9455,4.1306,5.0017,3.2033,2.8099,0.7025,0.5901,0.3091,0.281,0.0281,2.7818,1.8827,2.0232,2.3884,2.3322,3.3438,4.6645,4.3835,3.4843,2.9504,2.0232,2.5289,1.3207,0.5901,0.6463,0.3372,0.0281,0.2529,0.3372,0.0562,0.3091,0.1686,0.2529,0.7306,0.6182,0.4777,0.4215,0.562,5.2265,5.5075,5.9571,5.8166,3.8496,0.4496,2.1356,0.9835,1.0116,1.405,1.7141,2.4165,2.1356,2.1075,2.1637,1.3769,0.7587,2.9223,3.2033,4.7769,5.7042,3.962,0.9554,0.3091,0.1967,0.1967,0.3653,0.1686,0.8149,0.7025,0.4777,0.1686,0.4496,0.3934,1.9389,2.0513,2.5289,2.276,1.8546,1.1802,0.0,0.0,0.0,0.0,0.0281,3.9339,2.7256,1.686,4.3273,4.4397,0.0562,4.243,9.9753,5.8166,4.4959,4.8612,0.0281,0.1405,0.0843,0.1124,0.0562,0.0281,0.1124,0.1686,0.1124,0.0281,0.0562,0.1405,0.1686,0.4496,0.3653,0.4777,0.2248,0.2248
BX0702,Bedford Park,55521,Highest,0.0,0.0,0.1081,0.1261,0.1801,0.1081,0.1261,0.1261,0.0901,0.1081,0.036,0.0901,0.036,0.3602,0.3422,0.5403,0.1621,7.0244,5.7096,4.5929,0.5944,0.054,0.8645,3.8544,3.8004,4.899,0.8105,0.1081,0.1801,0.1981,0.0901,0.054,0.054,0.1801,0.1441,0.1801,0.2341,0.2702,0.1801,0.054,0.036,0.018,0.018,0.0,0.5043,0.3602,0.1981,0.4863,0.3602,0.4143,0.3602,0.7565,1.0086,0.8825,1.2968,1.4409,2.1613,1.4949,0.4323,0.1621,0.018,6.7542,10.8427,16.9305,23.9729,26.2423,32.4202,27.7553,34.1853,38.7961,31.2855,23.5587,40.8494,37.5534,39.2644,66.0831,59.6891,15.0033,23.4866,31.5196,49.1346,67.8482,79.5375,82.1491,83.7881,83.4999,94.793,69.2351,44.0914,75.9893,75.7911,91.7491,126.0604,138.3981,34.0772,5.5655,7.4746,15.5797,29.1061,28.1875,26.1883,26.6025,29.5564,30.4389,45.9286,36.3286,54.2317,62.5709,75.1247,97.8008,105.0053,29.5024,0.018,0.1081,0.1081,0.1981,0.1981,7.2045,3.7463,2.7917,4.5929,3.7283,0.1441,3.4582,8.3032,4.1066,3.9985,4.1606,0.1261,2.5936,3.8184,6.1238,9.8161,11.0409,10.5726,8.4473,9.8521,10.1223,8.1771,5.9257,10.3564,11.203,15.2195,19.236,20.3346,7.7448
BK0302,Bedford-Stuyvesant (East),84653,High,0.0,0.0,0.2126,0.3308,0.2244,0.2244,0.2008,0.3426,0.1772,0.1772,0.2717,0.2835,0.2599,0.3662,0.8033,1.0868,0.2363,3.1422,2.5043,2.8469,0.5788,0.0354,0.6143,1.642,2.1972,2.1972,0.5434,1.3112,0.9805,1.2522,1.3703,2.5634,2.906,3.1541,4.2527,3.7801,3.9101,2.1263,2.1145,1.1813,0.7088,0.4961,0.2244,0.0709,1.2758,1.3703,1.3585,1.831,2.5752,4.2999,3.0123,3.5557,3.4257,2.7997,1.5002,2.2563,1.8074,0.886,0.8623,0.4371,0.1299,8.3045,10.0056,13.4077,15.534,11.7657,18.1565,18.5463,26.1893,28.9535,32.6037,24.0393,61.2855,54.1859,53.5244,44.5111,43.696,4.4298,32.332,39.8923,47.3462,55.9106,48.7283,54.304,53.2173,58.6985,63.1756,62.0533,43.7078,54.8711,46.2831,54.1741,49.2481,52.8156,16.2192,7.1468,11.553,19.9639,25.8703,22.0666,21.346,20.082,21.8894,24.7953,35.7932,29.4969,33.5842,33.2416,40.3057,37.2107,36.5492,13.7621,0.1654,0.378,0.5906,0.8033,0.4489,37.1044,18.44,16.798,23.4014,21.8303,0.6497,20.968,46.5311,21.405,20.7553,20.5781,0.1772,3.2013,4.6307,7.6784,9.4976,9.4858,9.1196,8.5407,9.2495,11.4467,11.7893,9.0251,10.5608,9.0723,13.2423,10.6907,11.7184,5.0441
BK0301,Bedford-Stuyvesant (West),89189,High,0.0,0.0,0.3252,0.2803,0.3364,0.2579,0.3027,0.2691,0.1682,0.3027,0.2018,0.213,0.3588,0.4821,0.6839,1.11,0.4485,1.9621,1.9061,2.0518,0.213,0.0561,0.4821,0.9755,1.3567,1.4576,0.3924,1.3903,1.4912,1.3342,1.9397,2.5227,3.5879,3.5206,3.6664,4.7427,3.8121,3.1955,2.59,1.5024,0.8185,0.4373,0.213,0.0897,2.5115,2.2761,2.8927,3.6664,4.2943,6.4133,5.494,5.5949,5.55,3.7,2.6461,1.8612,1.9621,1.1997,1.0988,0.5382,0.1345,5.3146,8.0279,10.2255,10.1358,7.6803,13.3649,10.4273,18.0403,25.6646,28.1761,21.2022,56.2738,51.0265,51.2956,40.801,39.0407,4.3167,19.6997,26.954,35.778,36.0022,29.2188,36.9552,30.9567,37.9307,51.0825,46.721,36.0022,46.1716,38.4913,46.9677,44.288,42.3034,12.7146,4.3952,7.2543,12.3334,15.5288,13.634,14.3403,11.2682,15.0131,15.7306,26.5391,22.5813,28.7479,29.0282,36.6077,31.6407,29.7234,11.0664,0.0673,0.2242,0.7624,0.6055,0.1794,37.3252,17.9843,16.7509,22.2337,20.4734,0.3476,19.8791,43.1892,19.4194,18.0852,19.397,0.1121,2.3433,3.2964,5.1352,5.9312,5.4603,6.1218,5.1464,7.1197,8.8576,9.4631,7.613,10.1358,9.5191,10.7749,9.5976,9.1715,3.7112
QN1302,Bellerose,26566,Lowest,0.0,0.0,0.0753,0.1882,0.0376,0.0376,0.2635,0.1882,0.1506,0.1129,0.0376,0.1506,0.0376,0.1506,0.6776,0.4141,0.1129,0.7152,0.5646,0.5646,0.1882,0.0,0.1882,0.2635,0.4517,0.6776,0.1506,4.7053,3.6136,3.4631,3.8395,3.0867,2.9737,4.2159,3.1996,3.7266,2.7479,1.581,1.6186,0.7905,0.3011,0.3011,0.1129,0.0376,0.4517,0.4517,1.5433,0.9034,0.9787,0.2259,0.2635,0.4517,0.0376,0.3011,0.1882,0.4141,0.1506,0.1506,0.1129,0.0,0.0,0.0753,0.4893,0.1882,0.2635,0.6776,0.1506,0.2259,0.4893,1.1669,0.9787,0.3011,3.1619,2.2585,2.5973,2.0703,2.2962,0.527,0.3764,2.3338,3.3878,2.2585,3.7266,0.7905,1.6939,1.3928,2.2585,2.7479,0.9411,3.1996,2.8984,3.2372,3.5007,3.1619,0.6399,0.1129,0.3011,0.9411,0.3388,0.4141,0.2259,0.4517,0.3764,0.6023,1.054,0.3011,1.1293,1.5433,1.6186,1.5057,1.7692,0.4141,0.0,0.0,0.1506,0.0,0.0376,1.8068,1.1669,0.6399,3.3878,3.3501,0.0753,2.9737,6.7003,3.8395,4.0277,3.7642,0.0753,0.0,0.1506,0.0376,0.0753,0.0,0.0753,0.0376,0.0,0.0,0.0376,0.0,0.0,0.1506,0.1129,0.2259,0.1882,0.1506
BX0603,Belmont,35825,Highest,0.0,0.0,0.1954,0.5583,0.4466,0.642,0.4466,0.4187,0.3908,0.307,0.1675,0.2233,0.3629,0.5862,1.3398,1.5632,0.335,9.0161,7.7879,6.3364,1.1165,0.0,1.0886,5.164,4.4941,5.5548,1.6748,0.4466,0.2233,0.2512,0.1954,0.2791,0.1396,0.4745,0.3908,0.5583,0.2791,0.3908,0.642,0.2512,0.307,0.1117,0.0558,0.0,0.2791,0.5024,0.3908,0.2791,0.5862,0.8653,0.9491,0.9491,0.5304,0.8095,0.8932,1.5632,1.1724,0.6978,0.3629,0.1954,0.0,9.6022,11.7237,19.6232,27.6902,29.4766,40.8374,39.693,47.3412,54.0126,46.2805,29.9512,60.2094,58.7299,61.0468,80.6699,73.7753,18.6741,33.2449,36.5387,57.0551,79.6092,87.3133,98.06,125.6664,115.6455,126.141,98.5625,73.217,107.6064,121.4515,135.6874,208.7369,200.1117,61.4096,8.1786,8.1228,17.6692,34.6406,38.3252,36.8458,44.0754,40.7258,37.5436,63.1682,53.0635,75.0593,93.9567,111.4027,164.7732,149.2254,48.8486,0.0558,0.1117,0.0837,0.2791,0.3629,14.85,7.1179,6.0572,8.9323,7.3692,0.5304,7.0063,18.6183,8.7648,7.09,8.374,0.4745,2.9309,4.4941,7.9274,12.7285,13.6776,12.2261,15.3803,14.3475,13.3985,14.3754,9.686,15.8828,18.4787,23.8102,35.4501,37.432,13.7055
BK1101,Bensonhurst,104934,Intermediate,0.0,0.0095,0.1715,0.2192,0.2287,0.2097,0.1429,0.1906,0.1525,0.1334,0.0953,0.1144,0.0762,0.2859,0.486,0.5623,0.2097,0.8291,0.8196,0.6004,0.1048,0.0,0.2954,0.6766,0.6194,0.648,0.1715,0.6004,0.81,0.7814,0.7529,0.7052,0.6194,0.7147,0.8386,0.9816,0.9435,0.6385,0.5813,0.3431,0.1429,0.0858,0.0572,0.0095,0.4288,0.5908,0.486,0.6004,0.6766,0.8482,0.5337,0.8291,0.8482,0.6957,0.4574,0.5813,0.2859,0.1429,0.0572,0.0667,0.0191,2.7732,3.0114,3.6499,4.803,3.7929,6.242,5.7369,7.9383,11.7502,14.1803,9.749,34.1357,33.4591,31.1053,28.3893,24.9967,2.4492,8.0813,8.3005,10.8163,15.524,14.1041,15.4859,14.5615,15.8766,22.4617,25.6256,15.9434,20.5558,19.1454,21.7851,25.1587,24.0913,6.0419,1.601,1.5629,2.4301,5.6607,4.0025,4.8316,4.6124,5.4892,6.3945,12.5126,11.5882,12.8843,13.3512,16.7915,18.545,16.2292,4.5076,0.0191,0.0,0.0286,0.0191,0.0476,24.0437,10.5685,9.5012,12.6365,11.1594,0.1144,10.9593,22.9096,14.5044,11.817,10.0349,0.0381,0.81,0.7338,0.8672,1.8488,1.763,2.0108,1.9631,2.4396,3.4498,4.2122,3.0877,3.8786,3.0591,3.9549,4.6791,4.4695,1.4485
BK1202,Borough Park,93905,High,0.0,0.0,0.0639,0.1917,0.1065,0.1065,0.1384,0.1065,0.0532,0.0639,0.0852,0.1171,0.0745,0.181,0.2343,0.3834,0.1278,0.4473,0.4579,0.426,0.0958,0.0,0.1065,0.3408,0.1917,0.2556,0.0745,2.1724,2.4706,1.7038,2.3215,2.0766,2.3321,2.002,3.003,3.9508,2.7049,1.5335,1.2992,0.5112,0.4047,0.2769,0.181,0.0106,2.5984,2.0127,1.9807,2.4067,3.248,5.4097,4.856,3.1734,3.3438,2.5664,2.2257,1.7038,0.8945,0.5963,0.394,0.1171,0.0958,1.9062,2.8327,3.8763,4.5684,3.0989,5.2713,4.6856,6.0913,10.7023,9.6055,8.8494,30.8503,27.826,29.3062,27.8899,26.8569,1.821,6.4533,7.859,10.0527,11.4584,10.5852,12.7469,11.5862,10.106,17.0278,15.2601,12.8428,14.4188,13.1622,20.8722,19.7434,20.7124,4.1851,0.8839,1.7038,3.6739,5.069,3.8443,3.9189,3.9721,3.8017,5.3352,9.8291,9.3286,8.0826,8.0826,13.8225,12.8428,14.323,3.1841,0.0106,0.0319,0.0852,0.1171,0.0426,28.4862,13.4604,12.8215,15.9203,14.7915,0.1491,13.929,31.7768,18.721,14.9832,15.1749,0.1278,0.7135,0.7454,1.3205,1.5654,1.2672,1.4909,1.4376,1.6187,2.6942,2.4706,2.7688,2.7368,2.6836,4.8773,4.1744,5.037,0.9265
QN1403,Breezy Point-Belle Harbor-Rockaway Park-Broad Channel,24134,Lowest,0.0,0.0,0.0829,0.1243,0.2072,0.2072,0.2072,0.2072,0.2072,0.1657,0.0829,0.0414,0.0829,0.4972,0.7044,1.5745,0.6215,1.5745,1.1188,1.1602,0.1657,0.0,0.0829,0.7458,1.2016,1.0359,0.2072,4.7236,4.5579,3.8535,6.2153,7.7484,4.7236,4.6822,9.3229,6.8783,3.9778,2.569,2.0303,1.1188,0.7458,0.4558,0.1243,0.0829,4.1435,5.3037,5.0137,19.3089,45.9518,29.9992,28.9633,17.32,15.1239,7.4998,7.5827,6.1739,3.1076,1.1188,0.663,0.2486,0.0,0.5801,1.2431,0.8701,2.1961,2.0303,3.1905,2.1132,2.6933,5.6352,5.8838,4.0607,16.5327,18.3973,15.4554,17.32,12.8449,0.4558,2.6104,6.2153,3.6049,5.9667,7.4169,5.8424,6.3396,5.8838,8.8672,6.6297,6.2567,6.2982,7.5827,8.95,11.1461,5.9667,2.4032,0.1657,0.5801,5.3037,1.9889,1.8646,0.953,0.8287,1.2016,1.6574,2.7347,3.0248,3.6877,8.0385,10.0688,9.2815,8.1213,1.8646,0.0,0.0414,0.1657,0.0,0.0414,16.0355,11.3118,6.8368,10.4417,9.613,0.0414,8.7014,19.6818,10.9804,8.8672,7.8313,0.0414,0.3315,0.3729,0.7458,0.663,0.4558,0.6215,0.5801,0.7458,0.6215,0.953,0.7873,0.7044,2.4861,2.859,2.0303,2.1546,0.5801
BK1303,Brighton Beach,33568,Highest,0.0,0.0,0.0596,0.2085,0.2383,0.2085,0.2085,0.2085,0.149,0.0596,0.2085,0.0596,0.1787,0.2383,0.7448,0.8043,0.1787,1.3704,1.5491,1.7278,0.1192,0.0,0.6852,1.1618,1.3108,1.6087,0.4766,0.8639,0.566,0.4469,0.4469,0.3873,0.2085,0.566,0.4171,0.6256,0.2681,0.1787,0.2681,0.2085,0.149,0.1192,0.0596,0.0,1.7576,2.0853,1.4001,1.4895,1.0427,1.7874,1.847,1.6385,1.3704,1.3108,0.7745,0.6554,0.4766,0.5958,0.2383,0.149,0.0298,3.7834,3.7536,4.8856,6.7326,7.0305,10.7245,14.6866,17.6061,21.2107,16.9209,12.8098,32.4416,29.8201,30.6244,28.0029,25.2026,3.5748,16.9805,17.3082,22.8194,23.4449,30.535,29.7903,34.1992,40.336,44.0598,30.684,21.2107,29.7605,24.5472,38.3997,36.4335,33.0076,8.7583,2.1151,3.5153,13.0779,7.4476,8.4604,8.1625,9.1754,9.7116,13.0779,15.6101,17.2188,14.5674,17.8742,27.556,29.1349,23.2364,8.6392,0.0596,0.0596,0.1192,0.2383,0.0596,20.2574,8.9669,9.3839,12.0055,10.7543,0.1787,10.5458,21.9256,10.3372,10.2479,10.1585,0.2681,1.5491,2.2343,6.0176,3.5153,3.2173,3.9025,3.8429,5.0941,9.0265,5.0643,4.5877,4.3196,4.7069,6.8816,6.1964,5.0346,2.2641
BK0201,Brooklyn Heights,25092,Lowest,0.0,0.0,0.0399,0.1993,0.1594,0.1196,0.0399,0.2391,0.3587,0.3587,0.1594,0.2391,0.1993,0.3985,1.1557,1.3152,0.5181,0.279,0.3188,0.279,0.0797,0.0,0.3188,0.1594,0.3188,0.2391,0.1196,2.0325,2.8296,2.4709,1.5144,2.2716,2.7499,2.1521,2.9093,3.1484,3.4672,2.7897,2.4311,1.355,0.4782,0.5579,0.1594,0.1594,0.1196,0.2391,0.3587,0.5579,0.8369,1.355,1.1557,1.6738,0.8369,1.1956,1.3152,0.279,0.3985,0.1993,0.0,0.1196,0.0399,0.4384,0.7174,1.4347,2.6702,1.6738,4.0252,4.2245,6.1374,9.4054,7.5323,5.3802,27.2597,23.0352,20.0861,17.4956,14.1479,0.6775,1.7535,2.2716,3.6665,6.6157,5.8186,5.3802,5.0614,8.688,10.0032,5.1809,6.4164,12.8726,8.5286,6.9743,8.2895,6.2968,0.8369,0.4782,0.3188,1.4347,2.1521,1.9528,2.6303,3.2281,4.8621,3.9056,4.7824,3.1086,7.9308,6.7352,5.6193,7.5323,6.6555,2.3912,0.0,0.0,0.0,0.0399,0.0,18.5717,7.9707,8.0902,9.3257,9.0069,0.0,8.1301,21.9592,9.0069,7.891,7.3729,0.2391,0.1594,0.1993,0.6775,1.8333,0.7971,0.8768,1.4347,2.8694,2.4709,1.7535,1.1956,2.6702,2.0325,2.3513,2.2318,2.0325,0.3985
BK1602,Brownsville,60470,Highest,0.0,0.0,0.1984,0.1819,0.215,0.215,0.1654,0.1323,0.0661,0.1654,0.1323,0.1819,0.0992,0.2811,0.2811,0.463,0.2315,3.9193,3.5224,3.2578,0.5292,0.0331,1.0253,2.679,3.109,3.6216,0.893,0.0496,0.2646,0.2315,0.1488,0.0992,0.1819,0.2646,0.43,0.5127,0.2646,0.1819,0.1323,0.3142,0.1158,0.1158,0.0661,0.0,0.5953,0.9757,0.215,0.1158,0.2315,0.3142,0.3307,0.2811,1.0253,0.9592,1.8852,1.5545,1.2568,1.6206,1.0088,0.3142,0.0165,2.5633,4.7296,5.5399,7.2267,12.1383,8.1859,11.146,22.1267,20.5226,29.9983,16.686,33.6365,32.0159,31.2221,27.0051,26.9059,4.2997,13.5274,18.0255,23.0362,25.2191,42.6327,26.8232,34.8272,48.4538,55.7797,62.13,38.8788,50.8847,46.8497,44.6006,45.5929,47.3127,11.0468,3.9193,4.6635,8.1363,13.6927,15.3795,12.0225,13.6266,18.3562,17.2978,36.7951,27.0051,28.0139,30.4118,28.2619,31.404,36.8778,11.3941,0.0661,0.0827,0.2481,0.2977,0.2646,15.4622,7.2598,8.6489,9.4592,8.6985,0.3142,8.9135,19.1169,9.2112,8.5166,9.0954,0.1654,1.5876,1.9845,2.8113,5.0107,6.5156,4.3493,5.4903,7.4417,6.9291,8.897,7.0117,8.1197,7.7228,6.3503,6.6314,10.3026,3.3736
BK0402,Bushwick (East),62049,Highest,0.0,0.0,0.1773,0.4351,0.3707,0.3546,0.3223,0.1773,0.2579,0.1934,0.274,0.3062,0.2901,0.4835,0.838,1.0798,0.3546,2.2402,2.0145,1.6922,0.2417,0.0,0.8542,1.8373,1.9823,1.7083,0.3062,0.7575,0.5802,0.4513,0.4996,1.5149,1.4827,2.9976,3.5939,3.1104,3.5295,2.5947,2.4174,1.1281,0.4835,0.5318,0.4674,0.0967,1.3215,1.4182,1.7083,2.5141,4.6898,4.2225,3.0782,3.9001,4.1097,4.013,2.6431,2.4497,1.9501,0.9831,0.7897,0.7091,0.0483,10.3628,11.7649,12.7319,13.0542,12.1678,18.5821,16.1163,25.8183,28.2357,27.3977,24.3195,55.569,51.0403,45.4641,37.6154,38.0506,2.9332,43.7557,46.431,52.9904,54.5375,51.5238,48.639,50.7341,58.5022,65.4322,53.909,42.1119,46.9629,42.6598,43.3528,39.9362,46.8178,9.0574,11.8777,11.4909,19.2429,34.3599,24.7063,21.4508,23.2075,23.9166,26.9948,33.2963,29.928,32.2165,32.7483,34.5372,32.845,37.7282,10.2661,0.0806,0.4351,0.6124,0.7575,0.2417,33.9409,16.1002,15.6328,22.0149,19.4201,0.7091,18.4532,41.4833,18.711,17.1639,18.0341,0.1934,4.0774,4.8832,6.0597,10.8624,9.009,7.5908,9.6053,10.1855,13.7472,11.3459,9.5408,10.4434,8.6706,10.395,9.3475,11.8132,3.465
BK0401,Bushwick (West),58692,Highest,0.0,0.0,0.2215,0.7838,0.3408,0.4089,0.4771,0.3748,0.4089,0.4771,0.3578,0.3919,0.6986,0.8349,1.806,2.6579,0.9541,1.1586,1.5164,1.2438,0.3237,0.017,0.5623,1.4482,1.5675,1.4142,0.3067,0.5623,0.6474,0.443,1.0564,1.6186,2.5046,2.0446,2.9476,2.5387,1.7549,0.886,1.1416,0.8519,0.5793,0.4089,0.2045,0.0341,1.9935,1.3971,2.0786,2.675,3.595,5.7078,5.7759,5.6566,4.8899,3.6802,2.232,1.5334,1.2949,0.5623,0.8008,0.5452,0.1193,6.696,7.8375,14.9083,15.2661,12.7956,22.8651,22.1836,31.6397,35.7289,35.6267,26.4772,65.7671,52.2388,46.9059,43.1064,37.6883,3.2032,26.0853,28.1129,46.1562,51.2506,52.9885,57.1628,56.8221,67.1131,77.9493,63.8418,43.3449,54.6923,49.1038,48.0134,51.1824,44.4524,9.2687,6.696,6.3552,14.1927,20.5309,22.6266,20.7524,27.9254,27.721,27.9084,39.375,27.4995,34.2466,34.877,36.0867,39.9714,35.1326,10.3592,0.1533,0.0682,0.4089,0.3919,0.2045,31.7249,14.6528,12.6082,18.1285,15.1809,0.2556,14.1757,32.9517,12.6082,11.6881,12.2334,0.1533,2.8624,2.7942,5.5544,7.7523,8.945,7.5138,10.274,12.1822,14.0735,12.4037,8.928,10.5125,11.0918,11.0236,11.7733,10.717,3.4247
QN1304,Cambria Heights,19081,Lowest,0.0,0.0,0.0524,0.1572,0.1572,0.1048,0.1048,0.1048,0.0524,0.1048,0.0,0.1048,0.0,0.3669,0.262,0.5241,0.1048,1.2578,1.3626,1.4674,0.2096,0.0,0.4193,0.5241,1.3626,1.0482,0.3669,1.415,0.9958,1.4674,1.1006,0.5765,2.0439,1.7295,0.8385,1.1006,0.9958,0.7337,1.153,0.3144,0.2096,0.0524,0.1572,0.0,0.0,0.0,1.1006,0.0,0.0,0.0,0.0,0.0,0.0,0.0524,0.0524,0.0524,0.1048,0.4193,0.3144,0.0524,0.0,0.6289,0.3144,0.6813,0.8909,0.3669,0.5241,0.5765,0.5765,1.7295,0.8385,0.2096,2.0963,1.7819,1.415,1.7819,1.2054,0.5241,4.8216,2.2011,3.4065,4.4547,3.3017,4.0354,4.3499,6.7082,6.1318,5.4504,3.7734,4.9264,4.2451,5.9221,5.6077,4.5595,1.415,0.9433,0.5765,0.9433,1.5198,1.7295,0.9433,1.3102,2.0963,0.4717,1.6771,1.5198,2.4632,1.8343,2.2011,2.2536,2.4108,0.7861,0.1572,0.0524,0.1048,0.3669,0.1048,0.8909,0.8385,0.6813,4.0878,4.4023,0.3669,4.8216,8.5425,5.2932,5.7649,6.551,0.1048,0.0524,0.0524,0.0,0.1572,0.0524,0.0,0.0,0.3144,0.262,0.0,0.0,0.0,0.0,0.0,0.0524,0.1572,0.1572
BK1803,Canarsie,89932,Low,0.0,0.0111,0.0556,0.0556,0.1112,0.1001,0.0334,0.0445,0.089,0.0445,0.0334,0.0556,0.0445,0.2557,0.2557,0.2002,0.1112,1.8458,2.1572,1.9793,0.3558,0.0,0.6672,1.0452,1.0008,0.9674,0.2891,0.2446,0.2335,0.3558,0.3447,0.2224,0.1668,0.5115,0.6672,0.2557,0.3225,0.3669,0.1001,0.1223,0.1557,0.0334,0.0334,0.0111,0.7561,0.4559,0.2113,0.467,0.3113,0.3781,0.467,0.1446,0.2891,0.189,0.1557,0.1779,0.089,0.0667,0.0222,0.0111,0.0111,0.8673,0.8451,1.1453,1.679,1.7346,1.4678,2.1349,2.4352,4.37,4.5812,3.2247,8.562,8.9178,9.2292,6.7718,6.8163,0.7228,7.6169,8.3619,8.4286,9.2403,12.4316,8.9957,12.6985,12.9098,18.047,14.6778,11.4197,13.6325,15.8342,18.5362,14.3553,15.1893,3.6027,1.857,1.7458,3.6472,4.0253,4.3144,3.069,5.0149,5.2373,5.8933,5.7821,5.5264,5.6598,6.1269,7.4056,7.817,7.1387,2.5686,0.0778,0.0778,0.1001,0.089,0.3225,5.1595,3.2469,3.447,7.6502,7.072,0.8228,7.1943,14.9335,8.1172,7.8059,8.5398,0.2446,0.2113,0.1779,0.4114,0.3336,0.7116,0.5226,0.5337,0.8006,0.8451,0.9229,0.6783,0.7116,0.7561,0.745,0.7895,0.8784,0.4559
BK0601,Carroll Gardens-Cobble Hill-Gowanus-Red Hook,59166,Low,0.0,0.0,0.1859,0.5747,0.5239,0.7268,0.5747,0.6592,0.4732,0.4563,0.3549,0.5409,0.693,0.9634,1.6564,3.0254,0.9972,0.6423,0.8282,0.7775,0.1352,0.0,0.2366,0.6254,0.693,0.5916,0.1859,2.8902,3.1606,3.4479,3.786,3.9888,4.0226,4.3437,5.1888,5.3409,5.0367,3.8705,3.6,1.9099,1.2338,1.0141,0.3718,0.1352,2.062,2.3831,1.8592,2.8057,3.5155,4.8846,5.2057,4.6479,3.0761,3.1437,1.7916,1.8423,1.6902,0.693,0.338,0.3887,0.1014,1.4704,1.6564,2.2986,3.2282,2.2479,4.8677,4.0902,6.8282,8.2311,10.5635,11.1889,53.1048,49.2682,47.409,39.8033,35.4765,1.5888,4.817,5.3409,8.1297,9.3635,10.0734,10.6649,9.5832,9.7015,12.7607,13.2171,15.465,16.9185,13.6396,18.9129,21.0425,18.0171,4.6648,1.031,0.9634,4.8001,4.5296,3.7353,4.0902,3.8536,3.8198,4.9015,7.1156,9.9381,10.8339,10.9691,13.7748,15.3298,13.5551,5.1212,0.0,0.0169,0.1352,0.169,0.0338,44.6202,20.1467,18.3889,23.3411,20.7383,0.0507,20.4509,49.8259,24.4904,19.3354,20.6538,0.0338,0.3887,0.4901,1.9437,2.0282,1.5211,1.4704,1.7916,1.5211,2.6197,2.7381,3.7015,3.431,3.8367,4.0733,4.5296,4.7663,1.5549
BX0903,Castle Hill-Unionport,41420,Highest,0.0,0.0,0.1207,0.2173,0.2414,0.2173,0.1207,0.1207,0.1207,0.0724,0.0483,0.0241,0.1207,0.1449,0.4104,0.3863,0.2414,3.3317,3.1627,2.028,0.507,0.0241,0.4346,1.4727,1.5451,1.9797,0.4346,0.4587,0.169,0.3139,0.6519,0.2897,0.3621,0.2656,0.2897,0.4104,0.4104,0.2897,0.2414,0.2414,0.169,0.1449,0.0724,0.0,1.5451,0.9899,0.8209,0.8209,0.2656,0.2173,0.6036,1.2313,0.9416,1.1347,0.7967,0.5794,0.3863,0.2173,0.2173,0.0483,0.0,2.1729,6.7117,12.9406,8.5466,8.3535,14.2926,9.1743,13.7856,12.9889,15.4273,10.0676,24.5292,24.8431,25.5191,26.1226,22.6702,4.2733,9.7537,16.055,45.4611,30.6374,24.6016,35.3935,31.8445,34.0415,31.1927,30.4684,19.2661,32.0377,36.0937,44.7851,51.7383,45.5336,10.0435,2.1487,2.6557,10.3815,7.8947,9.3675,13.013,10.2125,11.2265,10.3573,16.1758,15.9343,20.5456,25.1086,32.9068,38.677,43.0227,8.4259,0.1207,0.1207,0.0241,0.169,0.1931,11.154,5.7943,5.2873,7.5809,6.7117,0.507,7.2912,15.717,8.3535,7.1463,8.112,0.0724,1.0381,1.5693,4.1526,3.8387,3.7904,4.7079,3.4042,4.3457,3.549,3.9353,4.563,4.8286,4.4182,5.9874,7.0739,9.126,2.1004
MN0401,Chelsea-Hudson Yards,69741,Lowest,0.0,0.0,0.1434,0.5592,0.3728,0.6022,0.4875,0.6739,0.6739,0.932,0.5019,0.6883,0.4158,1.0037,2.4519,5.5921,1.6346,1.2045,1.2475,0.9894,0.2438,0.0287,0.4302,1.1184,1.4912,1.3909,0.3011,1.1328,0.975,1.1184,1.3048,1.1614,1.3909,1.2618,1.2762,1.4339,1.4912,0.932,0.8603,0.6739,0.6022,0.3441,0.3298,0.1004,0.8173,0.4732,0.7026,1.2762,1.4195,1.821,1.6203,1.6059,1.5916,1.3622,1.3478,0.8747,0.5736,0.129,0.1721,0.1577,0.0143,1.8497,2.3229,2.0935,2.8104,2.5093,6.137,6.2947,9.9224,11.6001,8.5602,6.4668,16.2745,14.009,12.4174,10.5963,9.4636,1.1614,5.5204,6.3808,6.8969,11.6574,10.1232,9.9798,12.1736,14.2241,16.5326,16.4609,9.0621,11.4567,8.5172,12.8619,11.4997,10.1375,3.2979,0.7169,0.9607,1.7923,5.1189,3.5847,5.9506,6.4668,7.2267,6.0366,7.8863,5.6065,7.7143,8.4455,11.7291,12.188,8.1014,3.4843,0.0,0.0,0.0717,0.2438,0.0287,9.5066,5.6495,3.3409,4.8178,3.8858,0.0143,3.2692,9.5066,4.3446,3.2119,3.5704,0.043,0.7169,0.7886,1.2045,2.6383,2.3229,3.2549,4.2873,4.1152,3.1259,3.0255,1.7923,2.9251,2.0648,3.3839,3.0398,2.3802,1.0324
MN0301,Chinatown-Two Bridges,42556,Highest,0.0,0.0235,0.188,0.6345,0.282,0.3055,0.2115,0.4935,0.4935,0.752,0.2585,0.3055,0.4935,0.5405,1.6684,2.2089,1.1279,0.7754,0.8929,0.7754,0.1645,0.0,0.2585,0.6345,0.9164,1.0339,0.3055,0.8694,0.282,0.47,0.3055,0.235,0.611,0.4935,0.564,0.5875,0.2585,0.3995,0.2585,0.376,0.376,0.188,0.3055,0.0,0.2585,0.2115,0.1175,0.4935,0.4935,0.5405,0.376,0.47,0.47,0.3525,0.3055,0.235,0.282,0.1175,0.047,0.047,0.0,2.3028,3.1488,2.2793,3.2898,2.6083,8.248,8.4829,14.1931,16.7309,10.9268,5.9216,20.2087,18.5638,13.8876,12.1487,10.6683,1.7624,5.6866,7.0495,9.9163,10.0808,9.4229,21.971,14.2401,19.2217,24.3209,16.4489,8.8119,14.2636,10.2923,14.0991,14.4515,11.1148,3.9947,1.9504,2.2089,4.5587,6.979,5.0992,12.3367,7.7545,10.7388,13.6761,13.1591,6.7206,9.7049,9.2584,16.9424,14.1461,11.5847,4.0887,0.0235,0.0,0.0,0.094,0.047,9.7754,6.3916,3.4308,4.3002,5.0757,0.0,3.4073,11.2088,6.0861,3.0783,3.3368,0.1645,1.2454,0.9869,1.9974,3.2663,2.1149,5.7571,5.6161,5.0052,7.496,4.9817,3.1253,4.1357,2.7023,4.7467,5.2402,4.1827,1.3394
BX0302,Claremont Village-Claremont (East),24553,Intermediate,0.0,0.0,0.0407,0.1222,0.0815,0.0407,0.0815,0.1629,0.2444,0.0815,0.0815,0.0815,0.1222,0.3258,0.1222,0.2851,0.1222,4.0321,3.9506,3.5434,0.7331,0.0,0.0815,1.0997,2.0364,2.8102,0.5702,0.0,0.0,0.0,0.1222,0.0815,0.0407,0.0,0.0,0.0,0.0,0.0,0.0,0.0,0.0,0.0,0.0,0.0,0.3258,0.8146,0.448,0.1222,0.0,0.0,1.1404,0.896,0.5702,0.3666,0.4073,0.4887,0.2444,0.3258,0.0815,0.0815,0.0,2.8917,4.7245,8.4715,12.4628,11.9741,14.8658,13.2774,13.3996,13.8883,15.1102,8.838,20.4863,18.735,19.7532,29.0392,29.2021,8.0642,8.5937,11.2003,18.7757,32.2975,32.0938,42.7239,43.4163,39.0584,39.5878,32.4197,21.2194,33.5193,38.2031,42.6424,75.9174,85.4478,25.0071,0.9775,2.6066,5.6205,14.4992,12.9516,12.0963,11.3632,13.1552,9.2453,19.6717,14.7843,21.6267,26.3919,43.2941,58.8116,67.731,21.8303,0.0,0.0,0.0,0.2851,0.0407,3.0139,1.5884,1.344,1.5477,1.0589,0.0,1.4662,3.0139,1.5884,1.2218,1.2626,0.3666,0.896,1.5477,3.0139,5.539,5.9056,6.9645,5.539,4.195,3.5434,4.2357,2.5659,4.195,4.7245,9.5711,11.9334,15.1916,7.0867
BK0204,Clinton Hill,28647,Low,0.0,0.0,0.0,0.3491,0.4189,0.4538,0.2094,0.2444,0.2094,0.3142,0.2793,0.4538,0.5934,0.768,1.0472,1.2567,0.4887,1.1869,1.0821,1.3265,0.2094,0.0698,0.384,0.9425,1.0123,1.0472,0.2793,2.4086,2.1294,2.6879,3.0021,3.2464,3.77,4.9569,4.7824,3.3162,3.0021,2.653,2.8973,1.6756,1.0472,0.5585,0.384,0.1047,1.501,2.3039,2.5483,3.5257,3.8398,3.5955,3.6653,5.3409,3.2115,2.7926,3.1417,1.8152,1.2567,0.9425,0.3491,0.2094,0.1047,2.4086,4.154,7.6099,9.2505,7.2259,10.4025,11.2403,14.4169,14.3121,16.1273,13.7885,40.7372,41.0165,39.6202,35.536,30.7537,4.2587,11.4846,13.0904,24.4703,24.6797,20.5606,26.7044,31.2075,27.1582,28.2054,26.2157,16.5113,22.2013,23.2834,26.0411,28.0658,25.0288,8.7618,2.0246,3.7002,8.6222,9.8789,8.1335,7.8891,9.3553,9.6694,9.7043,12.3922,9.4949,12.2177,15.8481,19.0247,21.1191,19.0945,8.8316,0.0,0.0349,0.1745,0.384,0.0698,31.8009,15.7085,14.0329,18.152,16.651,0.0349,15.5339,35.3964,15.9179,15.499,15.2197,0.4189,1.3963,1.3963,3.2115,4.4682,2.7228,3.8049,4.2587,5.4107,4.9918,4.8173,4.2238,4.5729,3.9097,6.3881,6.2834,5.4456,2.5832
BX1004,Co-op City,37369,Lowest,0.0,0.0,0.0268,0.0803,0.0268,0.0535,0.0803,0.0,0.0803,0.0,0.0,0.107,0.0268,0.1873,0.3211,0.1873,0.2408,1.6591,1.6324,1.338,0.4282,0.0,0.2141,0.8563,1.3112,1.9535,0.9634,0.107,0.0803,0.0803,0.0268,0.0,0.0,0.0,0.2141,0.0,0.0268,0.0,0.0,0.0,0.0,0.0,0.0,0.0,0.3746,0.2408,0.1606,0.0803,0.107,0.3211,0.0,0.0,0.0,0.0,0.0,0.1606,0.0,0.0,0.0,0.0,0.0,0.9901,1.0972,0.9098,1.445,0.669,1.6859,0.8296,1.7662,1.7126,3.6394,4.1211,9.4731,5.9675,2.4084,4.6563,2.4619,0.4014,2.0338,2.7295,2.1943,2.1408,2.3281,2.1408,2.9971,2.2746,4.8436,7.1182,5.7802,9.6337,9.2858,7.0379,8.4027,6.9576,1.4718,0.2408,0.0803,0.1873,0.1873,0.3211,0.2141,0.5084,0.2944,1.338,1.7929,1.6591,2.5957,3.3985,1.8732,2.8366,2.4619,0.5352,0.0,0.0,0.0,0.0,0.0,0.8831,0.3479,0.4014,8.0816,6.6633,0.0803,6.2084,14.4772,6.3957,6.2886,6.583,0.0,0.0803,0.1873,0.0535,0.2944,0.0803,0.0803,0.2944,0.1606,0.2408,0.2408,0.3211,0.2408,0.6958,0.2408,0.3746,0.2676,0.1606
QN0701,College Point,33625,High,0.0,0.0297,0.0892,0.3271,0.1784,0.1784,0.3271,0.1487,0.3271,0.2082,0.1487,0.2677,0.2379,0.2974,0.684,0.9814,0.3271,1.6654,0.6245,0.7732,0.1784,0.0,0.2974,0.3271,1.0409,1.2491,0.4758,1.7844,2.2305,1.9033,2.2305,2.29,1.7844,3.0632,3.2119,3.5985,3.2119,1.1301,1.5167,0.5948,0.4461,0.2974,0.119,0.0297,12.4015,6.8104,6.2751,4.4015,3.8662,1.8439,2.052,4.342,3.777,3.3309,2.4089,2.7361,1.8736,0.8922,0.8922,0.4461,0.2677,0.5056,0.684,0.4164,0.803,0.3271,1.9033,1.5465,1.6059,2.3494,2.5576,1.5167,11.4796,11.2416,12.7584,11.4498,10.3792,0.6245,2.1115,2.2007,3.3606,4.0149,2.8848,5.9182,3.8364,4.6097,7.0483,4.6097,3.8364,7.7026,7.2565,6.1859,6.7509,7.4052,3.2714,0.4461,0.5056,0.803,1.2193,1.1004,2.3494,1.5465,1.2193,1.7249,2.3792,2.2305,5.6803,6.4833,4.8773,5.3234,8.0892,2.6766,0.0892,0.0,0.0595,0.0297,0.0,9.2788,5.3532,3.5093,8.3866,7.9108,0.119,8.3271,18.4387,12.1338,9.3978,8.8922,0.0892,0.0892,0.0892,0.2379,0.1487,0.2677,0.7138,0.2974,0.2677,0.7732,0.5056,0.7732,1.5762,1.9033,0.684,0.5948,1.9331,0.2974
BX0401,Concourse-Concourse Village,69387,Highest,0.0,0.0,0.1729,0.2594,0.2162,0.1874,0.1297,0.1729,0.1585,0.1153,0.1297,0.1585,0.1153,0.2594,0.6918,0.6629,0.2162,6.1683,5.7648,5.1018,0.7782,0.0288,1.0377,3.1994,3.92,4.4245,1.2682,0.2738,0.1729,0.1297,0.3171,0.0865,0.1153,0.1585,0.3459,0.5909,0.5188,0.3891,0.3459,0.2738,0.1441,0.1009,0.0288,0.0,0.0144,0.1441,0.0865,0.1153,0.0432,0.2738,0.5188,0.8359,0.7206,0.5188,0.8359,1.0521,0.5332,0.3171,0.1009,0.1297,0.0,8.431,13.6049,24.9038,27.2674,28.8671,40.9731,39.2148,47.1702,44.4752,46.2479,26.4603,50.7588,51.6091,50.6867,69.4366,49.9229,12.9996,22.8573,34.531,68.399,86.2265,94.8593,106.0573,131.8258,127.6464,118.3219,94.8881,52.9638,105.2359,100.1917,118.3075,156.3982,140.7756,33.4645,5.3612,7.9554,19.5858,30.4524,34.8048,30.5677,37.9898,39.1716,37.6151,65.6031,40.8001,66.6407,69.0043,94.5566,131.797,104.0108,33.4068,0.0,0.1009,0.6485,0.4612,0.3747,7.7824,3.7903,3.3724,4.4533,3.8768,0.245,4.0065,8.0274,3.8047,2.9977,3.5742,0.2306,2.9256,5.0586,9.3822,12.4519,15.7666,12.4519,14.0516,12.596,13.0716,12.9419,8.0707,14.3255,15.3631,19.8164,26.6909,24.1111,9.1948
BK1302,Coney Island-Sea Gate,49517,Low,0.0,0.0,0.0808,0.202,0.2221,0.2221,0.2827,0.2423,0.2625,0.1818,0.1818,0.1212,0.2221,0.3231,0.9694,0.7068,1.1309,2.0195,2.2417,2.3628,0.6664,0.0202,0.6866,1.555,2.3022,2.4234,0.626,0.2221,0.3837,0.2827,0.4241,0.3837,0.3231,0.5251,1.3329,1.757,1.0905,0.7068,0.6664,0.4039,0.3029,0.2827,0.2827,0.1616,0.626,0.6462,0.5655,0.4645,0.3837,1.5752,1.1107,1.3329,1.3329,1.5752,0.4645,1.2925,1.1713,0.929,0.7472,0.2423,0.0202,2.0397,1.9589,2.5648,6.3211,4.2208,6.8259,9.7744,8.1386,11.4708,10.8448,12.7229,19.6094,18.1958,18.842,18.4381,15.6108,2.2013,4.3419,7.5328,12.6219,19.0642,12.9652,15.0655,21.9117,15.4088,23.3253,21.427,17.8525,22.4165,21.5482,23.3859,26.7989,26.92,6.624,0.6059,2.1003,12.4604,7.1895,4.4429,5.2911,7.2298,5.3315,5.7354,11.0871,12.1574,12.8037,16.0955,18.842,19.1853,20.0133,4.8468,0.0,0.0606,0.2625,0.4241,0.0606,9.5119,4.3823,4.3016,6.6038,6.5634,0.101,6.3816,13.5307,4.867,4.7055,4.039,0.0,0.4645,0.9694,5.0084,3.2514,2.2417,2.6254,3.6149,2.1609,2.6254,3.5543,3.1302,3.5543,2.7061,3.312,3.6553,3.7159,1.0299
QN0402,Corona,73822,High,0.0,0.0,0.1355,0.2845,0.1896,0.2438,0.2032,0.2845,0.1626,0.2438,0.0948,0.1355,0.1355,0.4606,0.5554,0.9211,0.2709,2.1809,2.1674,1.7339,0.2709,0.0,0.2574,1.165,2.5331,2.7092,0.7721,0.5689,0.5689,0.8399,0.6231,0.8263,0.6096,1.2462,0.9618,1.043,0.5418,0.447,0.6231,0.1761,0.149,0.0542,0.1219,0.0135,3.0208,1.016,1.2598,1.5713,1.5578,2.4383,2.4518,2.7092,2.1403,2.0319,1.9777,1.7745,0.6367,0.3116,0.1626,0.0948,0.0271,0.894,1.8423,2.2757,2.5873,3.1698,3.7116,3.6033,5.4726,5.9196,7.4774,4.6734,23.4618,24.1527,26.3472,26.1846,19.2626,2.5602,4.8495,6.2177,8.3173,9.1707,8.9133,10.4576,10.3086,12.4353,14.6298,10.4847,6.8543,11.3381,12.6656,13.6138,20.8339,16.0386,5.1611,0.8399,0.6638,2.2622,2.8176,2.6144,3.2782,3.0343,3.1969,4.6463,7.3691,5.3236,8.3986,10.8369,14.4672,18.1518,13.6138,5.0933,0.0,0.0,0.0406,0.0677,0.0271,19.5199,11.7038,8.3038,11.5142,10.2544,0.0677,9.7261,20.1972,12.1508,8.7237,9.5229,0.0813,0.298,0.4877,1.0295,1.1785,1.0295,1.0837,1.0024,1.5849,1.7474,1.3546,0.7721,2.1403,2.6415,3.075,4.2128,3.7387,1.1921
BX0303,Crotona Park East,30158,Highest,0.0,0.0,0.2653,0.2653,0.1326,0.199,0.0663,0.199,0.1658,0.0663,0.0663,0.1326,0.0995,0.2984,0.5305,0.5305,0.0663,7.5602,6.3333,4.8412,1.0279,0.0,0.5305,3.2827,4.7085,3.979,1.1274,0.1658,0.1326,0.1326,0.0663,0.0,0.0663,0.2321,0.2653,0.3316,0.4311,0.0663,0.0995,0.0332,0.0663,0.0663,0.0,0.0,0.829,0.5637,1.0611,0.5637,0.5305,1.1937,0.5969,1.6579,1.5916,1.4258,1.7243,1.9564,1.2269,0.9616,0.7627,0.4311,0.1658,10.3124,10.5445,11.9703,14.7888,17.541,23.5095,20.1273,26.958,28.1849,27.0243,20.691,42.7747,42.4763,40.2878,53.0208,51.7939,11.9703,30.3402,35.314,34.6508,42.841,52.3244,55.7066,64.3279,71.9212,73.4465,64.4605,40.4868,64.6595,65.6874,79.5477,113.4027,119.5703,30.8707,8.986,8.0244,10.6108,21.6195,21.8847,21.8516,20.9895,26.527,23.7748,42.4431,32.8271,39.9231,54.1482,63.2005,84.7205,84.4884,25.5654,0.0332,0.199,0.3979,0.5637,0.5637,14.7556,7.7923,7.1623,9.6492,7.4275,0.4974,7.2618,17.8725,9.0523,7.3944,8.1239,0.2653,3.3822,3.349,4.4764,8.3892,9.6823,10.1466,7.6265,10.5113,8.9528,9.3839,7.5602,10.1466,12.7993,15.8167,18.171,20.89,7.8918
BK0802,Crown Heights (North),85275,High,0.0,0.0,0.0704,0.2932,0.2814,0.258,0.2463,0.2345,0.1994,0.2228,0.258,0.1994,0.2814,0.4925,0.6919,0.9968,0.4104,3.7174,3.7408,3.0841,0.5043,0.0235,0.9147,2.4274,2.3219,2.8848,0.6919,0.8678,0.9264,0.9147,1.1844,1.3603,2.0522,2.9434,3.26,3.5884,2.9669,1.3955,1.372,0.5629,0.6567,0.3635,0.2463,0.0469,1.1844,3.26,1.1961,1.0437,1.1492,2.5095,1.63,1.8997,1.4424,1.3838,0.7036,1.1844,1.0202,0.516,0.3283,0.2228,0.0235,7.4817,12.4773,20.3928,24.0281,19.3257,23.0196,21.7297,29.4342,39.9414,46.8602,33.949,66.6784,57.7543,55.8429,48.4902,50.3547,8.8185,35.3914,48.1501,64.0751,81.6652,72.9991,70.8179,68.9299,74.078,95.6435,87.1064,58.0358,98.1765,86.2152,86.825,86.0979,94.2832,22.832,7.6107,10.5306,20.9557,34.1953,29.27,25.6699,25.4588,26.6667,33.82,48.0328,38.9211,58.5869,60.4984,63.1838,57.3791,69.5045,22.2691,0.0469,0.0938,0.5629,0.5277,0.2932,25.9631,12.9815,11.2929,16.3823,15.1862,0.6098,13.5796,31.545,14.2363,12.9464,13.6148,0.1876,3.4242,4.6203,8.8772,11.4571,10.9293,9.7332,10.9176,12.6766,16.2298,15.2213,11.9378,18.1413,16.6051,18.7746,18.9856,21.1082,6.7312
BK0901,Crown Heights (South),50590,High,0.0,0.0,0.0791,0.2174,0.1779,0.1384,0.0791,0.0988,0.0395,0.0198,0.0395,0.1581,0.0791,0.1186,0.5337,0.593,0.1779,3.301,3.0045,2.6883,0.6523,0.0395,1.0476,1.779,1.8383,2.6883,0.336,0.7907,0.7511,0.9883,0.4942,0.6721,0.8895,1.0674,1.443,1.7988,1.3837,0.9883,1.1267,0.7511,0.336,0.1977,0.0988,0.0,0.1384,0.0988,0.0395,0.0791,0.2372,0.7907,0.2965,0.6128,0.2767,0.6128,0.4744,0.2767,0.5535,0.2965,0.0395,0.0593,0.0,7.6893,11.5438,20.1819,24.4712,19.8063,28.3455,29.2943,32.3977,43.6252,58.9642,38.2487,53.9039,48.0134,44.6136,42.1229,44.2973,12.0182,27.1991,40.5021,54.6551,79.1461,73.4928,83.0797,93.0619,82.9018,113.2042,117.6517,84.7203,107.9462,102.5104,96.4222,102.2929,107.0172,27.1002,6.6021,9.5276,16.9994,30.1838,27.12,23.3841,33.4256,29.7292,35.0662,60.8223,52.5203,67.1674,73.1568,71.7138,67.9976,77.5054,26.1119,0.0198,0.1384,0.2174,0.3163,0.3558,8.4404,4.5068,4.0324,5.5149,5.0603,0.3953,5.1987,11.3066,5.1591,4.8231,5.594,0.0593,1.8778,3.6568,6.3056,10.081,9.9822,9.9031,12.0973,11.7612,14.8053,14.7065,12.5914,14.9832,14.7065,16.6831,15.8134,20.4388,5.8312
BK0501,Cypress Hills,43256,Highest,0.0,0.0,0.3005,0.2774,0.3699,0.2081,0.4161,0.2312,0.3237,0.1156,0.2774,0.1618,0.2774,0.6935,0.9941,0.6242,0.2774,2.5892,3.1441,2.3349,0.3699,0.0231,0.6473,0.971,1.5258,1.4796,0.5086,0.578,0.5548,0.2774,0.2774,0.1849,0.5086,0.3699,0.8554,0.578,0.6473,0.3468,0.393,0.2081,0.0925,0.1387,0.0925,0.0,0.3468,0.5317,0.8785,0.6242,0.3468,0.6242,0.7167,0.6473,0.4855,0.7398,0.9247,0.8785,0.4624,0.5548,0.6935,0.2081,0.0231,4.508,4.4387,5.5946,6.7043,6.5887,11.0736,11.1892,15.4429,18.1015,16.9225,12.1833,29.4526,22.8639,24.2741,20.1591,17.5698,1.8263,22.2166,23.465,29.1058,27.7881,28.7821,32.1805,36.2955,41.4509,49.5423,40.6418,32.481,34.2149,27.395,31.1633,30.6085,27.0252,6.4037,5.2247,6.5656,11.6284,17.5929,13.8709,14.9343,13.5935,14.4951,17.9859,18.1478,18.0784,20.4134,15.5123,19.3962,19.4655,16.1365,4.7392,0.2081,0.0925,0.1618,0.3237,0.3468,14.4951,7.8833,7.0279,13.3392,12.8075,0.4855,12.8075,27.1407,13.1542,12.2758,12.5532,0.1156,1.4333,1.5027,2.9129,3.514,2.3812,3.1903,3.329,4.9011,5.3634,4.4849,3.514,3.8607,2.6586,3.1903,4.2075,2.8667,1.2484
QN1103,Douglaston-Little Neck,25262,Low,0.0,0.0,0.0792,0.2375,0.1979,0.2771,0.1583,0.3959,0.2375,0.1188,0.1583,0.0792,0.2375,0.3167,0.6334,1.148,0.3959,0.3167,0.4354,0.3563,0.1188,0.0,0.0396,0.1979,0.2771,0.7521,0.1188,4.5523,5.3044,3.7606,5.0273,5.1857,6.0961,4.3148,5.0669,6.3732,5.5815,3.721,3.2856,1.3855,0.7125,0.5938,0.6334,0.0792,4.196,4.7898,3.8002,4.0773,4.0773,3.8793,4.9481,3.8002,3.6814,3.6814,2.1376,2.4543,1.3855,0.9105,0.95,0.3563,0.1979,0.1583,0.1979,0.5146,0.1979,0.2375,0.0792,0.3959,0.1583,0.95,0.4354,1.1084,4.9086,4.5523,3.4043,2.8897,2.1376,0.1979,2.1772,1.8209,3.2856,1.2271,0.5938,0.8313,2.0584,0.5542,1.3063,1.2667,0.2375,1.2271,1.9397,0.6729,2.2564,3.3647,1.0688,0.1583,0.0396,0.3167,0.0792,0.3563,0.2375,0.2375,0.2375,0.3563,0.3959,0.0396,0.2771,0.9896,0.8313,1.4647,1.0292,0.7125,0.0,0.0,0.0,0.0,0.0,1.7022,3.4835,1.3063,2.9293,2.7314,0.0,2.4147,4.5127,2.4939,2.4147,2.6126,0.0396,0.0792,0.1188,0.2375,0.0396,0.1188,0.0,0.4354,0.0,0.0396,0.0,0.0,0.0396,0.1188,0.1188,0.5542,0.3959,0.1979
BK0202,Downtown Brooklyn-DUMBO-Boerum Hill,40968,Intermediate,0.0,0.0,0.0488,0.4638,0.415,0.2685,0.3905,0.5858,0.3173,0.6102,0.4882,0.4394,0.6346,0.6102,2.026,2.6362,0.9276,1.0984,0.952,1.2693,0.2929,0.0976,0.2441,1.0008,0.6591,1.3913,0.3661,1.2693,1.5866,1.4401,1.4157,1.8063,1.5378,2.2212,2.6606,2.4409,1.9283,1.2937,1.2937,0.7323,0.5614,0.5126,0.2929,0.0488,1.6842,0.8055,2.9047,3.9543,3.0756,4.1984,3.1732,3.4173,3.1732,2.4165,2.2701,1.9527,2.026,0.8787,0.6591,0.6591,0.122,0.6591,0.7567,1.3913,3.3929,1.6598,2.7094,2.7094,4.711,8.3968,7.9818,5.0527,18.5999,17.8676,15.1826,12.6928,13.9621,1.7575,2.0992,2.6118,3.7102,6.5661,5.0283,5.663,3.5149,5.37,9.959,8.9338,5.7362,7.7866,8.6409,10.4228,7.9574,10.7889,2.4897,0.6102,0.3661,0.7079,2.5142,1.3913,2.1236,1.489,1.8795,3.8079,5.4433,3.1,4.6378,9.2023,9.0803,6.0047,9.3488,2.6362,0.0,0.0488,0.1465,0.122,0.0244,13.0346,6.4196,5.7606,7.5913,6.7858,0.122,6.1511,15.1582,6.8102,5.37,5.9803,0.0244,0.1953,0.2441,0.2685,1.3669,0.9764,0.7567,0.7811,0.9276,2.3677,1.8795,1.0496,1.4157,2.5142,2.6362,1.611,2.9779,1.1228
BK1002,Dyker Heights,46756,High,0.0,0.0,0.0856,0.2567,0.2139,0.1497,0.1497,0.1925,0.1283,0.1711,0.1497,0.1497,0.1069,0.3636,0.6202,0.7058,0.2353,0.6202,0.4064,0.4705,0.1711,0.0,0.2353,0.4064,0.278,0.6202,0.1497,1.3474,1.0694,0.7913,0.9838,0.8341,1.1549,1.8393,1.9035,1.8607,1.5399,0.9838,0.8127,0.2567,0.2353,0.0,0.0214,0.0214,0.4278,0.6416,0.663,0.5347,0.5775,0.5561,0.663,0.2994,0.6844,1.2191,0.77,0.7272,0.8127,0.3208,0.2139,0.1497,0.0,1.6896,1.2833,1.6896,2.7376,1.3474,3.5503,2.0104,4.4059,5.9671,7.892,8.662,29.023,31.2687,31.9103,26.8201,20.8316,1.0052,3.9995,4.3845,3.7642,7.4215,4.9192,8.7048,5.1972,8.1059,7.5712,8.8973,12.1268,11.9771,12.6829,21.5587,19.6125,12.0412,4.1706,0.7486,0.77,1.3688,2.6735,1.7324,2.2885,1.9035,2.4596,3.422,5.8816,8.0204,6.1382,6.7371,16.8535,13.0678,8.4267,2.8232,0.0214,0.0214,0.0214,0.0428,0.0428,21.9009,10.1163,8.7475,12.0626,10.8649,0.2139,10.5441,22.3501,15.5916,10.758,10.1163,0.2353,0.4064,0.4064,0.5561,1.0694,0.5775,0.663,0.6416,0.9624,1.326,1.7538,1.8821,2.2029,1.989,4.192,4.4486,2.2885,0.8127
QN0302,East Elmhurst,33573,Intermediate,0.0,0.0,0.0894,0.3276,0.1191,0.2383,0.1489,0.1489,0.1489,0.2383,0.0894,0.0894,0.1191,0.417,0.6851,0.9531,0.2383,1.0127,1.251,0.5659,0.1787,0.0,0.3574,0.4766,0.7744,0.9829,0.2383,1.0723,0.7744,1.3999,1.3999,1.7574,1.251,1.9361,1.9361,1.3999,1.668,1.4297,0.9829,0.3276,0.4766,0.1489,0.0894,0.0,1.668,2.4722,1.5786,2.2637,0.9829,2.3829,1.2212,1.6978,1.8467,2.4127,1.7574,2.4424,1.1914,0.8936,0.4468,0.3574,0.1489,1.6084,3.1871,2.919,3.6637,2.9488,3.6339,3.3956,5.1827,2.4127,5.3615,2.1744,13.3441,13.6121,13.91,15.9652,13.1058,1.5191,8.5783,10.3059,12.7781,10.842,10.8123,13.1653,12.2718,13.7313,10.6633,10.0378,3.4254,10.2761,8.6081,10.1868,13.5228,10.0974,2.7701,1.3999,2.5616,4.1402,4.8253,4.1402,4.1998,4.7062,4.6168,3.753,6.404,2.919,6.4933,6.0167,8.5485,13.7313,7.9826,2.4424,0.0298,0.1191,0.1191,0.1191,0.0298,12.2718,7.8932,6.2252,10.6931,9.2336,0.3276,10.3953,20.6118,12.2122,10.5442,10.4548,0.0894,0.5659,0.8936,1.4297,1.0425,1.2808,0.9829,1.6084,1.9361,0.9531,1.1021,0.417,0.9531,0.6851,1.1616,1.1914,0.8936,0.8638
BK1701,East Flatbush-Erasmus,47690,Intermediate,0.0,0.0,0.2516,0.2097,0.2936,0.2516,0.1887,0.1678,0.1468,0.1887,0.1468,0.2726,0.3145,0.2726,0.5452,0.5452,0.2726,5.3051,3.9002,3.1034,0.8388,0.021,1.3839,3.0824,4.1938,4.676,0.9436,0.2097,0.4823,0.3145,0.3145,0.4194,0.2516,1.1323,2.1178,2.8727,2.6421,1.3839,1.1743,0.6081,0.2307,0.2936,0.1678,0.0,0.692,0.5662,0.3565,0.7758,0.7758,3.1873,3.376,4.1308,3.7115,3.334,2.6001,2.3275,1.8243,1.1323,0.6081,0.7549,0.1258,7.3391,9.2892,17.8025,26.3787,18.4525,30.8241,27.4481,41.7907,49.1508,64.3321,40.8262,67.2678,64.2483,57.6431,53.6381,50.4299,13.3152,31.3483,46.6135,65.9467,82.4072,68.0017,92.4722,80.6878,111.4909,143.7408,132.9839,88.1736,131.8306,110.5263,116.8798,117.446,124.8689,40.8681,5.6406,8.723,18.3057,32.9839,27.0287,30.4047,28.5175,35.7937,41.4552,70.0147,55.9656,76.7037,78.6119,78.7377,79.87,84.3363,32.1661,0.021,0.1887,0.2097,0.4613,0.1258,17.1105,8.2827,7.9052,11.5748,11.0925,0.5871,11.8473,24.8899,11.6377,10.7779,11.8264,0.5452,2.5582,4.4244,6.7939,11.1344,8.3875,10.1908,9.6456,13.5458,16.7331,17.5299,13.9862,18.0541,15.9782,21.0526,20.13,19.9203,8.2617
BK1702,East Flatbush-Farragut,34317,Intermediate,0.0,0.0,0.0874,0.0874,0.1166,0.1748,0.2914,0.1748,0.204,0.1748,0.0874,0.0583,0.1457,0.2331,0.204,0.4954,0.0874,4.2253,4.4293,2.6809,0.7868,0.0,1.253,2.4769,4.4584,3.1763,0.6994,0.1166,0.0583,0.3497,0.0,0.1457,0.2914,0.2914,0.3497,0.6702,0.6702,0.1748,0.2623,0.0874,0.0874,0.0291,0.1166,0.0583,0.0874,0.0,0.0,0.0,0.0,0.7576,0.5828,3.322,2.8557,3.322,3.5842,3.0888,3.2637,1.6027,0.6994,0.9908,0.1457,2.4186,4.1088,5.3618,8.6255,8.0135,12.268,11.6852,13.4627,14.1329,10.3447,12.7342,34.6184,31.8792,31.0342,22.7001,22.4961,4.2253,14.3078,19.0576,21.214,30.6845,29.4606,35.8132,39.4265,35.5509,47.4983,30.0434,32.4329,71.3058,65.0698,61.369,53.7926,48.1685,14.9197,2.6809,5.828,7.6347,12.3554,10.2864,13.4336,12.7634,12.9673,12.064,15.7939,21.0391,44.3512,47.4692,43.6227,40.767,39.2808,11.4521,0.1457,0.0583,0.0583,0.0874,0.2914,8.0718,4.4293,4.0796,6.5857,6.2651,0.5537,7.1393,14.57,7.5181,7.081,7.897,0.3205,0.6702,1.457,2.4186,2.7683,3.3802,3.3511,4.3419,3.9048,4.779,3.9339,5.9446,10.1116,8.3049,7.7221,9.0626,8.0718,2.4186
BK1704,East Flatbush-Remsen Village,39115,High,0.0,0.0,0.1023,0.1534,0.1278,0.179,0.2301,0.2045,0.0767,0.1534,0.1534,0.2045,0.0767,0.2812,0.4346,0.5113,0.1278,4.7041,5.0109,4.2439,0.6136,0.0256,1.1505,2.531,2.94,3.4514,0.5624,0.1534,0.1023,0.1278,0.1023,0.179,0.6136,0.3324,0.588,0.7158,0.5369,0.1534,0.1534,0.1278,0.0511,0.0256,0.0511,0.0,0.0,0.179,0.0511,0.0,0.0,0.0,0.0,0.0,0.0,0.1023,0.0767,0.1534,0.0256,0.0256,0.0767,0.0256,0.0256,7.5163,10.3541,13.064,17.5636,16.3109,26.6905,27.5853,31.727,38.962,47.9867,27.253,68.7971,67.1865,67.4677,62.917,59.5935,8.1043,25.8213,43.8451,48.6514,71.3793,69.6408,81.7589,83.4462,94.465,102.9273,101.5979,66.7263,84.8779,85.7727,93.4168,100.3451,99.2458,20.8104,5.4966,10.2007,14.8281,26.4349,29.2215,27.7899,30.7043,29.4516,28.3779,55.4007,47.2197,55.9888,67.0075,72.7342,77.8985,76.1856,21.2195,0.0,0.2557,0.2301,0.2301,1.2272,36.2776,16.7199,16.9756,21.3473,19.1742,0.6391,20.9638,43.9729,19.66,18.5095,19.7878,0.3324,2.7611,3.5025,5.8801,9.3059,11.1211,11.0444,13.8821,13.3708,13.2941,14.8536,10.9677,11.5045,12.9362,17.3846,16.3109,18.2539,5.5222
BK1703,East Flatbush-Rugby,42762,High,0.0,0.0,0.2105,0.1637,0.1403,0.2105,0.1871,0.1871,0.1637,0.1403,0.0702,0.1169,0.1871,0.3274,0.5379,0.5145,0.1169,3.9053,3.2739,3.3207,0.7483,0.0468,0.7016,1.8474,2.2918,2.3385,0.5846,0.3742,0.3508,0.2105,0.304,0.304,0.4677,0.3975,0.3274,0.4443,0.5846,0.3508,0.3975,0.1637,0.1169,0.0468,0.0468,0.0234,1.0523,0.3975,0.304,0.2339,0.0,0.1169,0.0468,0.1403,0.304,0.1871,0.2105,0.608,0.3508,0.1403,0.0,0.1871,0.0468,4.5835,6.4543,5.8697,9.5412,8.4187,13.1425,15.6681,22.1224,30.4476,30.6347,20.0178,44.6424,47.4253,45.8351,38.5389,37.5099,5.706,18.3808,24.5545,27.8051,39.5912,38.8897,45.2037,46.1859,61.8306,81.9887,67.7237,47.8696,57.9954,64.8005,70.2025,63.8183,64.7304,16.4866,4.6537,5.402,8.1381,17.9131,17.7728,17.0946,21.491,23.6893,27.6414,40.6669,33.8385,38.0946,47.1914,53.2014,46.0923,50.6992,14.7093,0.0935,0.0935,0.1169,0.1871,0.4209,24.0167,12.932,12.3942,17.3051,16.2527,0.8419,16.3931,35.452,17.0245,15.481,16.6503,0.5379,1.4265,2.2684,2.8296,6.6882,6.0334,5.1915,6.6882,8.4187,10.7572,11.2015,8.4187,9.7516,10.1024,10.804,9.1436,10.8741,3.0635
QN0705,East Flushing,34704,High,0.0,0.0,0.0288,0.1441,0.0864,0.1441,0.1729,0.1153,0.0576,0.2305,0.1153,0.0864,0.0288,0.1441,0.4322,0.3746,0.2017,0.6916,0.8933,0.8645,0.0864,0.0288,0.1153,0.2882,0.7492,1.0373,0.2017,1.9882,2.4205,2.0171,1.7001,1.6136,2.1035,3.112,3.89,3.3714,2.7086,1.2967,1.1238,0.6051,0.0288,0.0288,0.0,0.0,1.9594,2.6798,2.9968,2.6222,2.5934,2.5357,3.2561,7.2902,5.0715,5.2732,2.9391,2.0171,1.4696,0.317,0.0864,0.0576,0.0,0.2305,0.5187,1.095,0.5475,0.7204,1.5848,1.5848,3.112,2.8815,3.1697,2.7374,10.1141,10.0277,9.8836,11.6125,9.4802,2.4205,2.2764,3.2273,4.2646,3.112,3.746,6.08,8.5293,9.2208,8.9615,7.0309,2.8527,5.9359,5.1867,5.4172,13.255,9.6819,4.1782,0.317,0.6916,1.0662,1.0373,1.2102,1.6425,2.1035,1.6713,1.873,3.2561,2.7374,3.429,5.4749,6.6851,10.5463,7.6936,4.5816,0.0,0.0,0.0576,0.0288,0.0288,7.2614,4.9274,2.7086,4.9562,4.207,0.1729,4.0053,8.8462,6.1376,4.1782,4.8698,0.2882,0.1441,0.4034,0.3746,0.2017,0.6339,0.8068,1.0085,0.8933,0.7204,1.1814,0.3746,1.2679,0.6339,0.8356,1.9882,1.4984,0.9509
MN1102,East Harlem (North),64655,Highest,0.0,0.0,0.1237,0.2011,0.2475,0.3867,0.2165,0.2011,0.232,0.3557,0.2011,0.2165,0.2011,0.2629,0.7424,0.8043,0.3093,3.4027,3.2944,2.7221,0.4331,0.0,0.4176,2.3355,2.9077,2.7685,0.696,0.696,0.4949,0.7733,0.7115,0.7424,0.8507,1.0672,1.1445,0.7424,0.6805,0.4176,0.7424,0.3557,0.1856,0.1237,0.1237,0.0155,1.2528,0.8043,0.6032,0.6651,0.8507,1.3147,1.3765,0.8816,0.8507,1.2683,0.8352,0.7579,0.7424,0.3557,0.4021,0.2011,0.0619,6.0784,6.3414,8.9552,10.6411,10.5947,19.7665,20.0139,32.6502,32.2172,31.4593,16.735,41.4662,34.6454,31.4438,28.8454,29.5259,6.5579,23.1537,21.8699,31.1654,33.903,37.9398,49.0913,55.046,66.4759,71.6882,58.2167,35.9446,54.5511,48.9676,56.3916,57.165,72.5389,20.447,3.8821,4.3307,8.1819,13.1312,14.5387,18.3435,20.1995,24.5921,23.9579,37.2593,25.5355,33.0214,33.7638,40.2753,44.4513,54.2572,18.2662,0.0,0.0,0.4485,0.3557,0.1237,13.2395,9.2182,5.9701,7.0064,5.8155,0.2629,5.7845,13.8891,6.5579,5.2587,6.0939,0.1392,1.7787,2.32,3.7739,6.5579,6.0939,7.5014,9.0635,11.5846,11.0896,10.6256,8.3984,9.1408,8.0427,8.615,11.136,16.0544,6.4342
MN1101,East Harlem (South),59814,High,0.0,0.0,0.2006,0.1672,0.1672,0.1337,0.2173,0.1672,0.1839,0.0669,0.2006,0.1337,0.2173,0.2508,0.4347,0.8192,0.2341,2.2403,2.1901,1.9226,0.2173,0.0167,0.3009,1.2037,1.8892,1.9226,0.5183,0.3511,0.2341,0.3511,0.4012,0.3678,0.3678,0.2341,0.6186,0.418,0.3845,0.4347,0.3344,0.2842,0.1839,0.1003,0.0836,0.0167,0.9362,0.7022,0.5016,0.535,0.535,0.652,0.4514,0.953,0.8192,0.418,0.4848,0.6353,0.3678,0.1839,0.117,0.0334,0.0669,5.7846,3.9288,6.7208,6.0688,6.119,12.4218,12.3048,17.6213,21.9347,23.0548,12.2714,23.4226,17.3872,16.6851,16.451,14.3946,3.3939,16.9191,11.2014,20.6975,19.4436,22.1687,28.1539,30.2772,33.4871,44.6551,34.5906,20.7309,27.0171,26.8332,26.3316,33.437,33.5373,11.4856,2.4242,1.7889,5.1326,7.7407,10.3153,12.1042,9.1617,12.0039,14.0101,20.3631,13.2745,15.0634,19.9452,18.8585,23.9242,26.1979,9.0781,0.0,0.0,0.3344,0.3845,0.0669,6.8713,4.1127,2.9759,4.0626,2.9759,0.117,2.4075,6.3865,2.6248,2.5914,2.3907,0.0669,1.7387,1.07,2.0731,2.6582,3.862,6.0354,5.5338,6.1357,7.005,6.5035,3.9957,5.2162,4.9487,4.0459,5.8515,7.9246,2.7251
MN0604,East Midtown-Turtle Bay,45765,Lowest,0.0,0.0,0.0437,1.0707,0.6118,1.1144,0.874,0.8522,0.874,0.9177,0.7648,0.7211,0.6337,0.9614,2.7532,4.6979,1.5514,0.8522,0.9614,0.874,0.1967,0.0,0.2622,0.6992,0.6337,0.6337,0.1967,0.3059,0.59,0.4589,0.5681,0.6992,0.5244,1.0707,1.1799,0.7648,0.6555,0.3933,0.3278,0.1093,0.1093,0.0874,0.0656,0.0219,0.3933,0.3059,0.3933,0.6555,0.6774,0.8303,0.8522,0.7648,0.6992,0.5026,0.59,0.4152,0.2622,0.153,0.1311,0.3059,0.0,1.6825,1.4422,1.9666,2.0103,1.464,4.2827,4.7198,6.7519,9.3958,5.5501,3.1684,14.8585,11.0783,8.2377,6.446,6.4897,0.7429,3.9768,3.6491,5.5938,5.1568,3.8894,7.8444,10.401,7.1233,10.4447,8.194,3.1684,9.0462,5.3097,7.8663,8.6748,6.8393,1.9229,0.6118,0.3496,1.0925,1.6607,1.9447,2.3162,2.7969,3.1902,4.2609,5.0475,2.3599,5.6156,4.2827,8.2814,8.5873,6.0308,1.7481,0.0,0.0,0.0437,0.0656,0.153,7.4511,4.6542,2.9936,3.2339,3.2776,0.0219,2.3599,5.9653,3.081,2.6439,2.5347,0.0219,0.5026,0.1967,0.7648,1.1799,1.0707,1.2236,2.2069,1.6607,2.3817,2.2943,0.9177,2.2069,0.8303,1.8792,2.0321,1.5733,0.6774
BK0502,East New York (North),42818,High,0.0,0.0234,0.1635,0.3036,0.327,0.2102,0.2102,0.2102,0.2569,0.2803,0.1168,0.1168,0.2102,0.4204,0.724,0.6773,0.2335,5.1147,5.2314,3.9936,0.6072,0.0467,0.7006,2.1253,2.7325,3.2463,0.7473,0.6539,0.5605,0.3036,0.3503,0.2569,0.3737,0.4437,0.327,0.4204,0.7006,0.5138,0.6306,0.4437,0.327,0.1168,0.1168,0.0234,1.4246,0.9342,1.4013,1.3546,1.4713,1.9384,1.2845,1.0743,1.9851,2.7792,1.4947,2.0786,1.6815,1.1444,0.2102,0.5839,0.3503,6.6794,6.4926,10.9066,8.2676,10.8366,13.3122,17.6795,29.9874,27.5351,28.1891,19.6413,39.2358,39.4694,42.7624,36.9237,34.2146,4.1338,39.4694,34.7984,48.0639,44.4906,45.8219,55.6308,64.3655,79.2891,70.8347,62.0533,45.1212,50.4227,56.8453,58.4567,60.0916,47.807,11.7474,10.0659,10.1126,17.5394,25.4099,21.206,21.8133,25.8536,31.3653,26.2273,34.5415,25.7602,30.9216,36.3632,40.6138,37.3441,35.4757,11.1635,0.1168,0.2569,0.327,0.8408,0.2803,23.5882,12.1444,11.7941,18.637,18.0765,0.9809,17.0022,36.3165,18.4268,17.516,18.9173,0.1635,3.2697,3.1062,5.2782,6.189,7.8705,5.6985,9.0383,11.5839,10.8366,10.0892,6.4459,7.4968,8.2909,10.9066,10.2761,9.7155,3.0128
BK0505,East New York-City Line,45559,High,0.0,0.0,0.1317,0.1097,0.2414,0.1097,0.1536,0.1097,0.1756,0.0878,0.1756,0.1097,0.0878,0.1756,0.3073,0.3951,0.0658,3.8412,4.0387,3.029,0.5926,0.0,0.6585,1.9755,2.4584,1.8438,0.8121,0.3292,0.2853,0.439,0.2195,0.3731,0.2195,0.1756,0.417,0.1975,0.1536,0.2195,0.2195,0.0658,0.0439,0.0439,0.1317,0.0219,1.4926,0.856,0.4609,0.8341,2.59,1.0975,1.2292,1.0755,0.856,0.5707,0.8341,0.9219,0.6804,0.2853,0.1756,0.1536,0.0658,2.9632,4.5875,4.807,6.958,9.3286,11.1284,12.621,19.6229,17.0987,26.2297,13.2575,33.1219,27.6784,45.1063,37.424,23.5299,3.3583,13.7624,17.9767,21.2691,30.9489,30.4879,32.7926,37.3362,51.2083,46.8843,55.3129,31.7391,49.606,41.0896,78.0526,90.2127,46.9062,8.3408,3.5558,4.2363,9.2627,13.7404,14.2014,10.6675,13.8063,15.3208,15.672,25.7907,20.6984,29.8075,27.1077,49.6938,64.5976,35.251,9.2408,0.0658,0.1756,0.1536,0.2853,0.2414,12.1162,6.2117,6.2117,10.1407,9.3505,0.6365,9.57,19.9083,10.1626,9.7017,10.0968,0.1975,0.878,0.9438,2.59,3.6436,4.2582,3.1388,3.7973,6.4751,5.8605,6.8044,4.2802,5.3337,5.4215,8.9774,9.2188,7.6165,2.173
BK0503,East New York-New Lots,53004,Intermediate,0.0,0.0377,0.1509,0.1509,0.2641,0.2264,0.2641,0.2075,0.1887,0.1698,0.1132,0.1509,0.0943,0.2641,0.5094,0.6037,0.2075,3.7922,4.1506,3.9054,0.6415,0.0377,0.7924,2.6413,3.4337,3.7167,0.8301,0.1698,0.4905,0.283,0.2075,0.2264,0.2264,0.3585,0.4151,0.4905,0.4339,0.1887,0.2264,0.2264,0.1132,0.0189,0.0189,0.0,1.2263,0.2453,0.3585,1.1131,1.6603,2.0376,1.6414,1.4339,1.8867,1.9055,2.0753,1.3961,0.7924,0.3207,0.2075,0.2264,0.0377,7.1315,7.4711,9.0559,9.2635,10.8671,14.8291,14.3574,30.3373,29.4695,24.866,20.1306,44.4306,43.7514,48.3737,44.5438,43.525,7.1693,34.5257,35.3936,43.9023,46.5059,42.9024,48.3171,51.7319,81.0128,77.9375,58.9389,44.2419,55.4675,55.2788,67.3345,85.2954,67.4477,16.0554,7.3202,10.0936,18.6967,23.8661,24.5076,22.0361,23.7152,31.4127,27.281,33.9408,31.1863,33.4314,35.4502,47.1474,53.0526,50.6,15.9045,0.0943,0.1698,0.3396,0.4905,0.2264,23.8661,12.433,11.5652,17.4326,15.9422,0.9622,16.4516,34.5823,16.395,16.4893,16.5648,0.283,2.547,3.6035,5.6411,7.4145,7.7353,6.7731,7.9805,11.867,10.0936,9.8483,6.8863,7.8107,7.4145,10.3011,12.4708,11.8482,3.4903
MN0303,East Village,71436,Intermediate,0.0,0.028,0.224,1.4978,0.5599,1.3579,0.8259,1.4279,0.7979,1.1339,0.6439,0.8539,1.0639,1.2179,2.7857,5.0255,1.6378,1.5678,1.3159,1.0499,0.196,0.028,0.406,0.8399,0.7979,1.0639,0.266,0.9939,1.3439,1.2179,1.1619,1.0359,1.0779,1.0779,0.9939,0.7699,0.6999,0.5599,0.6719,0.5179,0.336,0.182,0.112,0.042,0.252,0.336,0.5879,0.8399,0.7139,0.7559,1.0219,0.9659,0.7419,0.7699,0.7699,0.5179,0.5179,0.4899,0.252,0.14,0.0,2.6037,5.4174,4.4655,5.8374,4.8435,13.0606,14.2365,19.7939,21.1518,18.5901,10.023,31.0768,28.977,24.0215,18.982,15.3564,2.8137,10.2609,15.4404,13.8306,18.3521,17.4982,26.8772,26.4992,32.7006,35.8223,32.5326,21.8517,27.1852,19.346,30.4048,25.5753,25.7713,8.6371,1.5118,1.7218,5.4454,8.1751,6.8313,11.5908,9.953,13.4806,14.0405,15.8044,13.0186,17.5962,21.1098,29.103,25.2954,24.9874,9.0431,0.056,0.014,0.014,0.112,0.014,14.1945,9.869,4.9835,6.3973,5.9774,0.28,4.3535,12.0247,6.2573,3.7936,4.6195,0.042,1.2039,1.6798,3.2477,4.5215,3.8216,7.2232,5.7954,6.9853,8.0072,6.9573,5.2075,7.5312,5.8794,8.5671,6.5233,8.8191,3.3177
BK0104,East Williamsburg,52998,Highest,0.0189,0.0189,0.2453,0.5661,0.5283,0.5283,0.4528,0.5283,0.5849,0.6604,0.3585,0.5283,0.9434,0.868,2.2642,3.0567,1.2831,1.2453,0.868,1.0944,0.1132,0.0,0.4528,0.6227,1.1321,1.1887,0.4717,0.9246,1.0,1.0944,1.4151,2.0189,2.2642,2.0944,2.868,2.9624,2.1888,1.9246,1.868,0.9434,0.7736,0.434,0.1698,0.0,2.8492,2.9246,2.0567,3.1322,4.302,5.9814,5.1511,5.3964,4.887,4.3587,2.2454,2.6793,2.5095,1.3585,1.0566,0.6793,0.0755,1.6604,2.4529,4.0379,4.0568,4.8492,6.3965,9.906,14.5855,17.0572,15.8119,13.1892,42.6054,37.492,38.5864,27.2274,28.2652,1.8114,5.5851,7.7739,15.0006,14.6609,15.6798,17.812,21.7367,23.1707,28.7558,25.5481,16.3591,24.6802,20.5857,23.2462,17.6422,20.5102,4.9625,1.3397,1.2642,2.9435,3.7737,5.8115,5.9625,6.8304,8.5098,9.6419,12.6231,11.1891,11.8306,14.1515,17.9629,11.9627,16.6799,6.2644,0.0189,0.0189,0.1321,0.1698,0.0189,24.5858,11.6231,9.6985,13.5477,12.2646,0.1509,11.208,27.869,12.1703,10.34,10.5476,0.0566,0.7925,1.1887,1.8114,1.3019,2.2642,2.8114,3.3397,4.019,5.453,4.9625,3.7549,5.0945,4.3587,5.6606,3.7926,6.8116,2.0189
BX1202,Eastchester-Edenwald-Baychester,51736,Low,0.0,0.0,0.174,0.0966,0.1353,0.1933,0.174,0.1353,0.0773,0.0773,0.0773,0.116,0.174,0.2319,0.4059,0.3479,0.1353,3.4405,3.4212,3.5372,0.5412,0.0,0.5799,1.5656,1.7396,1.9715,0.5605,0.4639,0.3672,0.3093,0.5219,0.3866,0.2126,0.3479,0.3866,0.4059,0.7345,0.5219,0.3672,0.3093,0.116,0.1933,0.058,0.0193,3.4212,1.527,2.5321,1.7783,1.8749,2.4741,1.7009,1.3917,1.4883,1.8556,1.1597,0.9858,0.9664,0.2513,0.0387,0.0387,0.0,2.6674,2.9573,3.0153,4.465,5.6634,5.1608,3.0346,5.7407,7.113,10.5536,5.3348,21.629,22.5375,23.0014,28.0849,19.6768,2.2615,8.582,12.4285,8.8526,16.9128,16.9128,16.2363,15.5211,18.691,20.4693,15.7531,10.9595,20.4113,22.3249,25.8814,36.145,29.4959,5.7214,2.0682,2.6094,3.2859,9.4905,8.5047,7.6542,5.992,5.4701,8.3308,11.1141,8.1375,13.9361,16.5069,20.1214,27.1764,21.4937,10.5729,0.058,0.116,0.116,0.174,0.174,13.6269,8.0602,7.0744,11.4814,9.993,0.4832,10.3603,22.8661,12.1192,9.993,11.6747,0.3286,0.6185,0.9858,1.0051,2.706,3.4405,1.8169,1.8556,1.7203,2.2615,1.8942,1.7976,2.0682,2.0102,3.7691,4.233,4.523,3.3246
QN0401,Elmhurst,107864,Intermediate,0.0,0.0,0.1854,0.3152,0.2318,0.3059,0.2689,0.2225,0.204,0.1761,0.1113,0.1669,0.2874,0.2596,0.8344,1.1496,0.2225,1.0569,1.196,0.7973,0.102,0.0093,0.1391,0.4728,1.0105,1.2887,0.2781,0.6026,0.5284,0.4728,0.7417,0.5377,0.5006,0.8715,0.8066,0.8715,0.8344,0.6397,0.4265,0.1576,0.1113,0.0556,0.0185,0.0093,1.6131,0.9549,1.5019,1.5575,1.6224,1.6131,1.9005,2.9574,1.8727,2.3641,1.4648,1.1867,0.7973,0.5006,0.4265,0.5192,0.0464,1.4926,1.7151,2.3455,3.3468,2.3641,3.2263,2.7906,4.3295,4.8023,5.6924,3.8289,20.6186,21.1285,19.608,22.584,18.3843,3.2819,6.4989,8.1492,8.4829,8.6591,8.9279,10.198,10.3464,13.1091,11.9688,11.4403,7.3889,13.3687,11.941,14.2494,25.5136,19.8862,7.8154,1.0383,0.9642,2.2806,3.1892,3.0965,3.0131,3.5137,3.9309,4.2554,6.7307,6.4804,9.1875,10.6616,15.1765,21.6291,18.3101,6.7585,0.0185,0.0185,0.0371,0.0371,0.0278,14.8613,10.059,6.3413,8.3717,7.5187,0.1947,7.426,14.6481,9.8272,6.9254,6.8976,0.1391,0.7973,1.1681,1.0198,0.9642,1.1032,0.9456,1.335,1.5204,1.678,1.4833,0.992,1.8727,1.8356,2.2899,3.9958,3.4951,1.2238
QN1401,Far Rockaway-Bayswater,58648,Low,0.0,0.0,0.0682,0.1023,0.1194,0.0512,0.0512,0.1705,0.0682,0.0171,0.0512,0.0682,0.0341,0.1705,0.2728,0.3581,0.0512,3.9047,3.4784,3.5807,0.7332,0.0171,0.4945,1.5346,3.5466,4.6037,1.1765,0.8014,0.5797,0.6138,0.6309,0.7502,0.6309,1.2277,2.1996,2.1825,0.8696,0.5627,0.6991,0.3069,0.2046,0.1023,0.1023,0.0512,1.5346,0.8866,1.0401,0.5627,1.0742,2.0632,2.5747,3.9899,1.995,2.4383,1.9267,2.1825,0.8355,1.6028,1.2106,0.8696,0.0512,4.0922,4.9448,6.3259,7.5876,5.5074,9.054,8.7642,12.2255,11.2365,16.7099,10.0259,25.5763,25.133,27.5031,22.9846,24.7067,3.3249,13.1462,20.0177,21.4841,19.5574,19.9495,28.6114,27.5201,40.223,37.2562,34.2382,21.7058,34.8861,47.1798,42.3373,37.87,33.3004,13.6748,2.353,2.6429,9.4291,8.4572,10.7932,11.6116,8.7301,9.4121,9.5314,17.8693,15.7891,21.5523,30.1119,28.2704,30.4358,26.6505,8.8324,0.0682,0.0512,0.2217,0.324,0.2046,10.2305,5.9167,4.6208,9.7702,9.1734,0.324,7.6388,15.8744,9.0711,8.3038,8.8324,0.2387,1.0742,1.1595,2.8645,2.7111,3.4954,3.8705,2.9669,3.6148,2.7111,3.3761,2.0291,3.6318,4.9618,5.8314,5.3199,5.1664,1.8415
MN0101,Financial District-Battery Park City,52992,Low,0.0,0.0,0.0755,0.434,0.3397,0.4906,0.4718,0.5284,0.6982,0.434,0.3963,0.4152,0.7171,0.6416,3.0382,4.68,1.0568,0.8303,0.6793,0.7926,0.1321,0.0,0.434,1.0756,1.0945,1.1889,0.1698,0.434,0.4529,0.3963,0.2642,0.4529,0.6227,0.7737,0.8492,0.3963,0.3208,0.2831,0.3208,0.2642,0.3963,0.2264,0.1698,0.0189,0.3585,0.4152,0.2831,0.2264,0.2831,0.6793,0.7737,0.7926,0.9624,0.8303,0.434,0.3208,0.3585,0.4152,0.151,0.2831,0.1887,0.2453,0.1887,0.2076,0.2831,0.434,1.1134,1.5851,2.3211,2.8872,1.7361,0.6982,4.6988,4.4535,2.7929,2.2456,1.7361,0.3019,0.6605,0.3963,0.4906,0.7737,0.5095,1.1889,1.5097,1.5663,1.8493,0.6982,0.7926,1.8305,2.3211,2.4343,2.4721,1.3776,1.0756,0.0189,0.0189,0.585,0.2831,0.2642,0.585,1.3398,1.0002,1.0379,0.5473,0.5095,0.6982,2.1513,3.0382,2.623,2.3211,1.1511,0.0,0.0,0.0377,0.0377,0.0,2.1701,1.2266,0.8869,1.3587,1.1889,0.0,0.9058,2.0192,1.1511,0.7737,0.7171,0.0,0.0566,0.0377,0.2076,0.2642,0.1887,0.4718,0.8869,0.585,0.585,0.1698,0.1887,0.2264,1.0945,0.8869,1.0379,0.9624,0.434
BK1401,Flatbush,66503,Highest,0.0,0.0,0.1203,0.1203,0.1053,0.1504,0.1654,0.1654,0.0902,0.1053,0.0902,0.1955,0.1955,0.1353,0.391,0.5864,0.2406,4.09,3.9998,2.7217,0.3759,0.0752,1.1127,2.7217,3.0976,3.7141,0.6616,0.2707,0.2105,0.1654,0.2707,0.1804,0.2105,0.2707,0.3158,0.6316,0.8421,0.6165,0.3609,0.2707,0.1053,0.1053,0.0752,0.0,0.1654,0.1504,0.0752,0.0451,0.2105,0.9022,0.6767,1.0676,0.8721,1.2781,1.0075,0.6015,1.0977,0.4661,0.2707,0.0752,0.015,8.541,11.5935,21.4878,31.2617,29.0363,36.675,30.0287,37.8329,54.6742,66.8842,44.9604,58.7192,56.5388,73.2147,87.8306,65.8467,17.3376,25.3222,39.5621,60.8093,90.3418,94.2213,97.2137,94.5822,106.1907,144.3845,135.633,98.5519,134.6706,124.2651,162.7596,173.7666,157.0455,43.983,6.0148,8.135,16.8113,34.4947,30.0438,31.367,29.6227,32.0737,40.8703,74.6432,67.3203,81.5151,87.3494,114.7768,124.9267,117.0774,36.3743,0.0,0.0902,0.1654,0.3158,0.2256,5.278,2.7367,2.436,3.9246,3.9697,0.5263,3.5337,8.8116,4.1051,3.8795,4.0449,0.2256,1.9247,3.4284,6.2554,10.8416,10.5258,9.9394,9.7289,12.4957,17.1872,19.6683,14.9617,18.8563,18.0443,23.608,26.074,25.5628,9.6086
BK1402,Flatbush (West)-Ditmas Park-Parkville,43016,High,0.0,0.0,0.093,0.1162,0.1162,0.2092,0.2092,0.1162,0.1627,0.2092,0.093,0.093,0.093,0.4417,0.4184,0.8137,0.1627,1.6041,1.7435,0.8834,0.0465,0.0,0.4417,1.0461,1.3948,1.4878,0.372,0.9531,0.6044,0.7439,0.5347,0.7672,0.6974,0.7904,0.9996,0.6742,0.6974,0.6509,0.5812,0.2092,0.2092,0.093,0.0232,0.0,0.6277,0.186,0.2557,0.279,0.5347,1.2089,1.1624,0.7672,0.6277,0.5579,0.5114,0.6509,0.3952,0.3255,0.2092,0.1395,0.0465,3.7893,6.3697,9.6476,14.7155,13.8553,14.3667,17.4586,18.6442,22.3173,27.1294,22.573,30.9885,29.8494,36.8468,42.3796,34.4755,8.7642,15.7151,21.1782,30.5468,38.3346,35.3589,40.1943,48.5866,41.7054,56.4441,51.3065,40.4036,54.6308,52.3061,66.8821,71.9732,62.4419,16.4125,4.0683,3.9985,11.4376,15.2734,13.6693,11.4841,17.1797,13.7856,20.3645,30.1051,28.966,31.8951,36.1028,50.3069,51.6784,50.9113,13.5066,0.0,0.0,0.1162,0.1627,0.1162,7.904,3.9055,3.5336,5.0446,4.7657,0.1395,4.1845,10.8099,4.7889,4.6727,4.9981,0.093,1.1159,1.9528,2.7664,4.2542,3.5801,3.7893,6.2302,5.4398,10.0195,7.3229,6.486,6.8347,6.7417,10.252,10.4845,10.9959,2.6269
BK1801,Flatlands,67087,Low,0.0,0.0,0.0745,0.2683,0.1789,0.2385,0.2087,0.1342,0.1938,0.1043,0.1043,0.1342,0.0894,0.2832,0.4919,0.477,0.1938,1.8633,2.0272,1.5353,0.313,0.0298,0.4174,1.0732,0.8496,1.2968,0.3577,0.7453,0.5515,0.5366,0.477,0.7602,0.6111,0.5664,0.3428,0.7751,0.5515,0.313,0.2683,0.1491,0.1938,0.0894,0.0596,0.0,1.0434,0.5366,0.1192,0.2236,0.3876,0.9093,0.3727,0.2236,0.1342,0.1192,0.1491,0.3428,0.2683,0.0447,0.164,0.0298,0.0,1.4012,1.8036,3.3688,2.7874,2.5489,4.4718,4.9935,5.2767,8.6604,10.7025,4.8892,11.8354,9.7187,9.0181,9.3312,8.1089,1.118,10.628,11.0006,12.5956,13.3111,11.7459,13.2962,12.9831,14.116,22.0013,21.8075,14.8315,19.5269,19.1095,18.1555,21.2113,22.5677,4.278,1.7142,2.3701,4.0842,4.6358,4.4867,4.0395,4.4718,5.1575,5.6196,13.013,8.9883,10.8963,11.0752,12.8341,13.7732,16.4115,3.488,0.0447,0.0596,0.0149,0.1192,0.0596,3.4135,2.1316,2.1465,4.2184,4.0992,0.5664,4.8146,10.0914,5.3662,5.5003,6.0071,0.2236,0.5217,0.7304,1.2223,1.4459,0.9838,1.1776,1.2968,1.2074,1.7887,3.3389,1.7887,2.057,1.8633,2.6384,2.1763,2.8023,0.4323
QN0707,Flushing-Willets Point,69879,Highest,0.0,0.0,0.0859,0.8586,0.2576,0.7012,0.5867,0.5867,0.4579,0.5438,0.5009,0.4293,0.3435,0.7298,1.1591,3.735,0.9302,1.1305,1.7888,1.3738,0.186,0.0,0.3148,0.7298,1.3166,1.4454,0.3291,0.3721,0.4579,0.5295,0.3291,0.2719,0.3864,0.601,0.3864,0.8443,0.7155,0.7012,0.5438,0.1717,0.1574,0.1431,0.0143,0.0143,2.0893,1.5312,1.5312,2.1752,1.7029,3.134,2.4328,1.9176,2.1036,1.66,1.5885,1.5312,1.7316,1.0304,0.601,0.3435,0.0859,0.9588,1.3166,1.8031,2.2611,2.304,2.8335,3.32,6.1821,5.6383,5.5095,4.7224,14.7684,16.8863,15.4982,18.2172,16.5572,3.4918,4.8083,4.7368,8.0425,8.3144,9.774,8.758,11.0477,13.6379,14.1817,9.1301,7.3985,11.6773,15.3408,14.8256,28.2202,24.8716,7.3126,0.601,0.7585,1.66,2.5043,2.3898,2.2754,2.9909,2.6617,3.4631,5.7814,6.64,7.8135,13.2944,20.4353,26.7462,21.9522,9.3447,0.0,0.0,0.0,0.0572,0.0429,8.5576,5.1231,3.2199,4.3218,4.0212,0.0572,3.7207,7.5559,4.4506,3.2914,3.2342,0.1288,0.8443,0.5009,1.016,0.8872,1.059,1.0876,1.3452,1.4597,1.4883,1.3309,1.0876,1.7745,2.4042,3.9068,4.5364,4.0928,2.7619
BX0503,Fordham Heights,32099,Highest,0.0,0.0,0.2492,0.2804,0.1869,0.6231,0.2804,0.2492,0.2804,0.2181,0.1869,0.4362,0.0935,0.3115,0.6542,0.7788,0.3427,8.1934,6.8226,4.9223,1.2773,0.0,1.1838,4.3615,5.5453,5.7634,1.4019,0.0935,0.1246,0.2181,0.0935,0.0623,0.0,0.1246,0.0623,0.0935,0.1246,0.4985,0.1869,0.0935,0.0623,0.0,0.0312,0.0,0.1558,0.1246,0.0312,0.3738,0.405,0.3427,0.3115,0.2804,0.6231,0.6231,0.3738,0.9969,0.4673,0.2804,0.0,0.0,0.0,11.7138,16.5426,26.8544,30.8421,37.0417,44.1447,45.0481,49.0981,54.2384,47.7273,30.7798,51.0919,52.6185,52.0889,86.794,73.8652,18.7545,30.8421,45.7024,71.8402,92.6197,109.91,118.3838,139.1944,139.2255,143.3378,111.2807,65.6718,112.0284,117.9788,142.5901,209.5392,221.8761,56.0142,6.7915,9.1903,20.9352,35.2347,36.4186,37.3843,40.0324,37.6959,40.7801,68.6314,47.1354,73.5225,83.959,113.6484,170.5661,159.8181,48.88,0.1246,0.0935,0.2804,0.2181,0.4985,4.1746,2.1496,1.9004,2.9596,2.025,0.5919,1.9315,5.4207,2.9284,2.835,2.3988,0.1869,2.8973,5.265,8.8476,12.7107,13.9257,12.0253,13.8322,13.8322,13.988,12.1499,8.7542,15.3587,15.8883,21.9321,35.7644,35.8578,12.9599
QN0602,Forest Hills,88965,Low,0.0,0.0,0.045,0.2136,0.1349,0.1574,0.1686,0.1574,0.1124,0.1574,0.0787,0.1574,0.1349,0.3822,0.5283,0.8767,0.5845,0.9442,1.1128,0.6632,0.0787,0.0,0.1574,0.4609,0.7981,1.6299,0.3934,1.2477,1.2702,1.2814,0.8767,0.933,1.3601,1.4837,1.7198,1.1802,1.6523,0.9442,0.7981,0.4159,0.1574,0.1124,0.236,0.0225,0.9217,0.7306,1.1353,1.0004,1.0903,0.9554,0.7419,0.7194,0.3934,0.4946,0.607,0.4833,0.3485,0.3147,0.1349,0.1124,0.0,0.888,1.2252,1.1915,1.4837,2.619,2.8213,2.9562,3.3834,4.7322,5.0582,2.7202,11.5776,9.4307,10.0939,12.1171,10.802,2.8551,4.5861,6.171,5.1931,5.6427,7.5535,7.014,7.6884,7.857,8.2842,7.8458,4.676,8.5539,7.9919,8.8799,21.6939,19.4908,4.9008,0.2922,0.4159,0.8655,1.2364,1.8659,2.1694,2.5066,1.9783,2.1806,3.2822,2.6864,5.0806,6.3733,11.69,19.5807,16.366,5.1144,0.0,0.0,0.0562,0.0225,0.0112,4.1589,2.9787,1.169,2.3942,2.2144,0.0337,2.1806,4.9008,3.1698,2.9899,2.4504,0.0787,0.4159,0.6407,0.5395,0.6857,1.1802,0.7531,0.8767,0.9779,0.8655,0.8992,0.6407,1.45,1.2027,1.4163,3.743,3.0124,0.9779
BK0203,Fort Greene,32938,Intermediate,0.0,0.0,0.0911,0.2125,0.1214,0.334,0.3036,0.425,0.3947,0.3643,0.1214,0.2429,0.4858,0.5465,1.518,2.1252,0.759,1.7305,1.6698,1.3662,0.2732,0.0607,0.2429,0.6679,1.2144,1.3966,0.1822,1.2144,1.2448,2.1252,2.0341,1.8216,1.9734,2.1556,2.3377,1.7002,1.093,1.3966,1.3966,1.0322,0.7286,0.5161,0.3643,0.0304,1.0322,0.8197,2.0645,3.37,4.554,4.0986,3.8557,2.611,0.9412,0.6376,0.759,1.0322,0.9412,0.6072,0.2125,0.2125,0.0,0.7286,1.2751,1.7002,1.6698,1.9127,4.7058,3.2789,5.7077,8.5615,9.3509,8.8651,35.7338,31.1798,29.3278,24.7435,23.7719,2.1252,4.22,3.6736,7.4079,4.9487,7.4989,11.9922,8.0758,11.0511,17.032,13.5406,11.3547,17.457,14.2389,14.2996,12.9334,13.3888,4.9183,0.6679,1.0626,1.2144,1.3055,2.8842,4.129,3.1878,5.2523,8.1061,8.5615,8.5919,11.4761,9.1384,11.8404,9.6545,8.8955,3.4914,0.0607,0.0,0.0607,0.0304,0.0607,29.4493,14.7246,12.9638,16.2426,14.2389,0.1518,14.5728,31.0887,14.7246,13.7531,12.8727,0.0,0.2429,0.334,0.7894,0.7286,1.9734,1.3966,1.7305,2.0341,5.1309,2.277,3.0967,4.129,3.1878,3.2182,3.0056,3.2182,1.3662
QN0803,Fresh Meadows-Utopia,23434,Low,0.0,0.0,0.0853,0.0853,0.2134,0.2134,0.0,0.0427,0.0427,0.0,0.128,0.0853,0.1707,0.128,0.3841,0.6828,0.128,1.4509,1.3229,1.1095,0.1707,0.0,0.2987,0.9815,0.9388,1.3655,0.3414,3.6699,4.2246,4.3526,6.2303,6.3156,5.5902,5.0781,5.4621,5.2061,5.2061,3.0298,3.1151,1.2375,0.7681,0.4694,0.2134,0.0,1.4936,0.9388,1.4936,0.7681,0.8108,1.6642,2.0483,1.2802,1.0242,1.1095,0.5121,0.1707,0.3841,0.0853,0.0427,0.0,0.0,0.0427,0.0,0.1707,0.256,0.6828,0.7254,0.8108,2.6031,1.1948,0.7681,0.6401,10.8816,14.5088,4.8221,5.3768,4.6087,0.3841,0.256,0.128,0.7254,2.9444,1.4082,2.9871,1.1095,2.5177,1.7496,0.8108,0.8961,3.4565,6.8704,6.529,7.6385,4.31,1.1522,0.0427,0.0,0.1707,0.256,0.5121,0.3841,0.2987,1.4936,0.6828,0.6828,1.6216,2.5604,3.5845,3.2432,5.9742,3.9259,1.2802,0.0,0.0,0.0,0.0,0.0,2.7311,7.5531,1.5789,2.219,3.1578,0.0427,3.4138,5.0781,3.3712,2.6031,3.0298,0.128,0.0,0.0,0.0427,0.0853,0.0853,0.2134,0.0,0.6828,0.256,0.0,0.0427,0.3414,0.4267,0.6401,1.1522,0.4694,0.1707
QN1301,Glen Oaks-Floral Park-New Hyde Park,23364,Lowest,0.0,0.0,0.0,0.1712,0.0856,0.214,0.1712,0.0856,0.1284,0.1284,0.0428,0.2568,0.0428,0.214,0.3424,0.6848,0.1284,0.5136,0.3424,0.1712,0.1284,0.0,0.0,0.2568,0.2996,0.5564,0.0856,4.7937,3.9377,5.1361,4.8793,6.4629,5.2217,4.4941,5.0077,4.4941,4.7081,2.8677,3.1245,1.7548,0.642,0.2996,0.428,0.0856,1.7976,2.5681,1.926,1.3268,1.6264,2.0972,1.4124,0.8132,1.6264,0.5992,0.642,1.3268,0.7276,0.5564,0.1712,0.2568,0.0,0.0,0.0,0.0428,0.1712,0.0,0.0428,0.0428,0.214,0.0856,0.2568,0.1284,0.9844,0.9844,0.8132,1.0272,0.9844,0.0,0.2996,0.7276,0.3424,0.642,0.0856,1.7548,1.3696,0.5992,0.7276,0.5136,0.2996,1.498,0.5136,0.5564,1.3268,1.1556,0.0856,0.0856,0.0,0.0,0.1712,0.0856,0.8132,0.6848,0.1284,0.3852,0.2996,0.214,1.1556,0.2568,1.3696,0.8988,0.7704,0.1712,0.0,0.0,0.0,0.0428,0.0,0.6848,0.428,0.1712,1.2412,0.9416,0.0428,1.4552,2.3968,2.0544,1.4124,1.6264,0.0428,0.0,0.0,0.0,0.0,0.0,0.0,0.0,0.0,0.1284,0.0428,0.0,0.0,0.0428,0.0,0.214,0.0856,0.0428
QN0503,Glendale,35135,Intermediate,0.0,0.0,0.1708,0.2562,0.2277,0.3131,0.1138,0.1708,0.1708,0.2277,0.0569,0.1708,0.1138,0.3985,0.5123,0.9108,0.2277,1.4231,1.0815,0.5692,0.0854,0.0,0.1138,0.37,0.9392,1.3092,0.2562,0.4554,0.6546,0.5123,0.5123,0.8823,0.9108,0.5123,0.74,0.8538,1.11,0.3131,0.5692,0.2277,0.1708,0.0569,0.0854,0.0569,0.0569,0.1138,0.1708,0.1138,0.2562,0.5123,0.0854,0.3131,0.1423,0.1992,0.1708,0.3415,0.1138,0.0569,0.0,0.0,0.0,0.7969,1.7646,2.5331,1.9354,1.3377,1.9639,2.6754,4.4969,3.6716,5.4931,2.4762,22.5701,22.0293,18.5001,18.6424,17.7031,1.5085,4.6108,6.1762,7.827,8.7662,7.2008,7.7416,6.4039,7.6562,7.4854,7.457,4.07,9.1077,8.3108,8.7377,10.417,9.9616,3.0169,0.4838,1.3377,1.6223,2.6754,1.9639,1.7931,1.7931,2.4192,3.5008,5.3223,2.8746,7.4,6.1762,8.3393,9.1931,6.7739,2.3623,0.0,0.0285,0.0285,0.0285,0.0,16.8778,13.2347,7.0016,11.527,9.8193,0.2846,10.8723,20.6632,14.0601,10.047,11.2708,0.0569,0.0854,0.37,0.3415,0.7969,0.4838,0.6831,0.6546,0.5692,0.6546,1.0531,0.7115,1.11,0.7685,1.0815,1.5369,1.1669,0.3985
MN0602,Gramercy,28628,Lowest,0.0,0.0,0.1048,0.9082,0.5589,0.7335,0.4192,0.7685,0.524,0.8733,0.4192,0.6288,0.524,0.6288,2.026,3.6677,0.8733,0.489,0.6986,0.6986,0.1048,0.0,0.2445,0.5589,0.4541,0.3842,0.0349,1.1527,0.8034,0.8383,0.9781,1.3274,1.3972,1.5719,1.502,1.5719,1.0479,0.5589,0.3144,0.489,0.3144,0.1048,0.3842,0.1397,0.5938,0.4541,0.5938,0.2794,0.489,0.4541,0.8034,0.9082,0.9781,1.0829,0.6986,0.7335,0.4541,0.2096,0.0699,0.0349,0.0,0.9082,1.8863,2.4801,1.6417,3.0739,6.8464,5.3793,12.4354,8.4183,5.9732,5.9033,18.199,17.5353,12.7847,9.8505,9.8505,1.3972,4.5061,4.9602,6.4273,8.6978,12.5402,8.593,13.0991,14.1121,12.9244,8.6279,6.4273,11.0032,15.4744,12.8895,10.4793,7.7896,3.4931,0.8383,0.8383,1.537,2.6198,4.052,3.4931,4.8903,6.7766,3.9123,6.4622,3.5979,7.6848,14.6011,14.2518,15.2997,8.8724,4.2965,0.0349,0.0,0.0349,0.0349,0.1397,10.3046,6.3574,3.6677,4.9602,4.2266,0.0,3.3883,8.9423,4.1917,3.4232,4.1917,0.2794,0.7685,0.524,1.2226,1.8863,1.9212,2.026,3.3184,4.4013,2.3753,3.039,1.6417,3.0739,3.7725,3.3534,3.5629,2.9691,1.4671
SI0201,Grasmere-Arrochar-South Beach-Dongan Hills,36259,Lowest,0.0,0.0,0.0552,0.1103,0.2206,0.1103,0.1379,0.1931,0.1379,0.2206,0.2758,0.1655,0.0827,0.331,0.6343,0.6619,0.331,0.7722,0.5792,0.5792,0.1379,0.0276,0.3861,0.8274,0.7998,0.9653,0.1931,1.4341,1.8202,1.7375,1.3238,1.9306,1.7651,2.2891,2.1236,2.2063,1.5444,1.2411,0.7998,0.3585,0.855,0.2206,0.3585,0.0552,3.2544,1.903,3.2544,2.3994,2.9234,1.7927,4.7436,4.1921,4.7712,3.4198,1.7927,1.0756,0.4688,0.7722,0.6343,0.2206,0.0827,0.3034,1.1583,1.4065,1.5444,1.4341,1.1308,0.7171,0.6343,1.048,1.7927,1.4617,3.8335,5.4056,5.4056,5.2952,7.3637,0.6343,2.5649,3.5026,3.475,4.7436,4.9643,1.8478,2.8683,1.5169,2.6476,3.3095,2.951,1.7927,4.0817,4.6333,9.1012,11.7488,2.7855,0.3034,1.1859,1.1308,2.096,1.7927,0.6067,0.7171,0.6619,0.9101,2.0409,2.1236,1.6823,2.7579,2.4546,4.1369,5.8468,1.4893,0.0276,0.0827,0.0276,0.0276,0.0552,3.8887,2.62,1.903,4.3024,3.9714,0.1655,3.2544,7.8601,4.0266,3.8335,4.6885,0.0276,0.2206,0.1931,0.331,0.4688,0.331,0.0827,0.2206,0.2758,0.3034,0.4137,0.2482,0.2206,0.2758,0.524,0.5516,1.2962,0.4964
BK1501,Gravesend (East)-Homecrest,52797,High,0.0,0.0,0.0947,0.2652,0.1326,0.1894,0.1705,0.1705,0.0947,0.2083,0.0758,0.0379,0.1326,0.322,0.5682,0.4735,0.2462,1.1175,1.0607,0.8334,0.0947,0.0,0.303,0.7766,0.947,0.8144,0.2273,2.5001,2.879,1.8562,2.5191,2.879,2.1592,3.5229,4.148,3.826,4.6972,3.6555,3.3525,2.538,1.7046,0.8902,0.5303,0.1326,2.1024,2.0266,2.4433,1.894,1.8751,2.216,2.2539,2.5001,1.7046,1.2311,0.8902,0.7008,0.5493,0.5493,0.3788,0.1894,0.0189,2.0266,2.6895,2.3107,4.0911,3.4093,4.7919,6.2693,9.5271,10.0384,10.8339,10.9476,25.3045,22.2172,21.7058,21.2701,19.9822,2.6327,6.9701,9.5649,7.9739,12.6144,12.2734,12.3681,14.9061,20.058,18.2586,23.543,16.8191,23.9218,17.2548,20.7777,24.2627,28.6759,6.8565,1.0985,1.7425,1.8751,3.5229,4.6215,3.9396,3.7881,5.6632,5.398,10.1142,12.8985,11.0991,10.5498,16.7244,17.4252,18.9594,5.7011,0.0,0.0189,0.0568,0.0379,0.0568,15.8911,7.9171,6.4208,9.1104,8.6937,0.1515,8.1823,20.3042,9.6028,8.1065,8.9778,0.1136,0.5682,0.644,0.7766,1.288,1.4774,1.3827,1.591,2.1403,1.9698,3.3714,2.9737,3.485,2.3486,4.0911,3.5229,4.8298,1.591
BK1301,Gravesend (South),30366,Intermediate,0.0,0.0,0.0659,0.0988,0.1647,0.0988,0.0659,0.1317,0.1647,0.2964,0.0988,0.0988,0.1317,0.2305,0.2635,0.3952,0.2635,1.2514,1.2514,1.3173,0.1647,0.0,0.1317,0.461,0.5928,0.8233,0.2305,0.8892,0.6257,0.5598,0.7574,0.3622,0.5598,0.6257,0.494,0.494,0.5269,0.1317,0.2964,0.1976,0.0659,0.0659,0.0,0.0,1.2843,1.5149,1.6136,3.5237,1.5807,1.2843,2.0088,0.8562,1.5149,1.7124,0.494,0.7245,0.461,0.0659,0.3293,0.0659,0.0,0.8892,0.4281,0.5598,1.943,1.2843,2.1735,2.7663,2.8321,2.865,3.5237,3.4907,16.2353,13.2714,12.3823,14.7863,12.7116,0.8233,2.1406,3.4249,3.853,6.6192,4.808,5.9277,5.6313,5.5984,5.6642,8.2329,5.5325,7.7719,7.1791,9.0891,15.379,13.1068,2.404,0.1647,0.494,1.3173,1.3831,1.6136,1.1526,1.0867,1.0538,1.5478,2.9968,4.5775,4.8409,4.4458,6.4546,9.4514,9.2208,3.0626,0.0329,0.0,0.0,0.0659,0.0,11.5919,5.6313,4.808,6.751,7.0803,0.0329,6.5534,13.3044,6.9815,6.1253,6.257,0.0329,0.1647,0.3952,0.6257,0.2964,0.5269,0.3622,0.4281,0.2964,0.6916,1.1526,1.0867,1.2514,0.6586,1.3502,1.5478,1.5807,0.6257
BK1103,Gravesend (West),60523,Highest,0.0,0.0,0.1157,0.1652,0.1157,0.3305,0.2478,0.2809,0.1983,0.1652,0.1817,0.1157,0.1487,0.2148,0.4626,0.9914,0.347,0.7931,0.9418,0.8922,0.1322,0.033,0.2809,0.5452,0.4957,0.6279,0.1322,0.4461,0.347,0.2974,0.38,0.8261,0.76,0.6609,0.8922,0.7105,1.0244,0.6113,0.4461,0.1983,0.0826,0.0826,0.0661,0.0,0.5618,0.6774,0.7931,0.4296,0.4792,0.8922,0.3965,1.074,0.7931,0.6113,0.5122,0.7105,0.4957,0.2478,0.1983,0.0826,0.0,2.2636,2.4784,2.6767,3.8993,3.5358,5.0394,5.9151,4.9072,8.0631,11.0206,8.6413,30.1869,29.7408,28.3694,25.6101,21.9916,1.9662,6.5925,5.9977,7.9309,10.591,10.9215,10.8223,13.0859,9.3188,17.7618,19.3315,15.4817,17.2001,14.3747,18.208,23.0987,16.9688,4.2959,1.2722,1.4044,2.6106,4.4776,4.1968,4.4115,4.6263,4.048,5.6838,9.5336,11.1858,9.5997,10.0953,14.7217,19.6619,14.9695,3.5193,0.0,0.0165,0.0,0.0496,0.0165,21.4464,9.7979,8.377,11.0041,10.1449,0.1322,9.9962,23.3135,10.7397,9.3849,8.8727,0.0826,0.5948,0.727,0.9087,1.1896,1.5862,1.2888,1.2227,1.074,3.1063,2.3958,2.6271,2.181,2.2306,3.0567,4.1802,3.4367,0.727
SI0302,Great Kills-Eltingville,54699,Lowest,0.0,0.0,0.0548,0.0731,0.0914,0.3474,0.1645,0.1463,0.1828,0.1463,0.0914,0.1645,0.0914,0.3291,0.6764,0.7313,0.2011,0.0914,0.1645,0.2559,0.0366,0.0366,0.2011,0.3656,0.5485,0.3839,0.1463,1.5905,1.5357,0.9141,1.554,1.6271,1.6088,2.3401,2.2121,1.7551,1.6637,1.2066,0.8958,0.4388,0.1645,0.1463,0.1645,0.0,2.3218,1.8099,2.9799,2.2121,1.5905,2.9068,2.6143,1.9013,2.2304,2.3035,1.6271,1.1335,0.6399,0.2742,0.0731,0.0183,0.0,0.128,0.0731,0.1828,0.2559,0.3474,0.5302,0.4388,0.3839,0.457,0.3839,0.4022,1.2432,1.4808,1.5357,1.6819,1.9013,0.6033,1.0786,0.7861,1.2066,2.4315,1.7733,1.3529,0.9141,0.8775,0.6399,0.6764,0.6764,0.841,1.883,2.7606,3.0165,4.2962,1.2614,0.1463,0.0366,0.3108,0.6764,0.5485,0.8044,0.3474,0.3108,0.0731,0.3108,0.128,0.2011,0.9872,0.7313,0.8592,1.1152,0.9141,0.0,0.0183,0.0,0.0,0.0,0.6947,0.5119,0.4936,2.7606,2.3401,0.0548,2.6143,6.1244,2.852,2.852,3.3273,0.0548,0.0,0.0,0.0731,0.0183,0.0731,0.0183,0.0183,0.0183,0.0183,0.0366,0.0,0.0183,0.0,0.0183,0.1828,0.0914,0.0
BK0101,Greenpoint,38980,Lowest,0.0,0.0,0.1539,0.7183,0.4361,0.5644,0.667,0.4618,0.6414,0.6927,0.3335,0.6157,0.59,1.2314,2.4885,3.1811,1.4623,0.6927,0.4874,0.4874,0.1539,0.0,0.2309,0.7696,1.1031,0.9492,0.2565,1.7445,1.5136,1.5393,1.334,1.6932,3.0785,3.0015,3.4377,3.2324,3.1042,2.6167,2.4371,1.4623,0.8979,0.4361,0.3592,0.1283,3.0272,2.2063,3.1811,2.6424,3.9507,5.6183,5.0795,6.3622,6.0544,5.5926,4.7204,4.0277,3.2324,1.4366,1.1288,0.6927,0.077,3.3094,5.2335,4.079,6.3879,5.5413,9.2868,9.4664,11.724,13.6993,20.7542,12.9041,61.647,59.7999,55.2335,42.6372,40.9954,1.5649,11.2622,12.1344,16.6752,25.5259,21.8574,14.6998,18.1632,19.3176,22.6783,28.6814,16.7265,19.6254,18.1632,19.7024,15.136,14.5459,5.1052,2.668,2.1036,5.4387,10.2873,7.1575,5.7722,6.4392,6.1057,7.2088,14.7255,12.1601,12.4423,14.315,19.3176,12.9041,15.8286,5.9261,0.0513,0.0,0.1026,0.1283,0.0,49.4869,22.1396,19.3689,26.1673,22.2422,0.077,21.3956,56.824,20.2668,19.3946,19.3689,0.0513,1.5906,1.1288,2.5654,5.7465,3.7968,2.5911,2.6167,2.9246,3.3864,5.9261,4.0277,4.8486,5.2591,4.9769,3.3094,4.5921,2.078
MN0202,Greenwich Village,34147,Lowest,0.0,0.0,0.0586,1.23,0.6736,1.1128,0.7614,1.1714,1.025,1.0836,0.4393,0.6736,0.9664,1.1421,3.4264,5.3885,1.5521,0.615,0.4978,0.2929,0.0586,0.0,0.1757,0.41,0.3807,0.3807,0.0586,1.3471,1.2007,1.1421,1.7571,2.05,1.845,1.5228,1.9621,1.5521,1.025,0.9664,1.0836,1.0836,0.6736,0.4978,0.4686,0.1171,0.2929,0.1757,0.205,0.2929,0.4978,0.5271,0.7321,0.41,0.3807,0.1464,0.1757,0.0586,0.1757,0.3221,0.205,0.0879,0.0293,1.6693,1.1128,1.025,1.8742,2.4014,3.6606,5.4763,9.2248,7.702,4.4221,3.2214,17.1611,16.4583,11.4798,9.3127,8.9613,0.7321,4.3928,3.4556,4.3635,6.2377,6.3549,5.8863,7.1163,7.8777,10.8941,8.0534,4.9199,7.3213,9.0198,7.1456,5.857,6.5013,2.5478,0.7614,0.615,0.7907,2.3428,3.0749,3.3092,2.6649,4.8906,3.9535,5.7106,3.8364,5.652,8.9905,6.9406,6.2085,7.8191,3.1335,0.0,0.0,0.0293,0.0,0.0,11.0112,7.9656,4.1292,6.0035,5.0956,0.0,4.2171,11.4212,5.037,4.7735,4.6271,0.0293,0.41,0.615,0.7907,1.6107,2.1378,1.6693,1.5814,1.9328,2.8699,3.0749,1.1714,2.4307,2.8114,1.8742,1.6693,1.7864,1.435
MN0903,Hamilton Heights-Sugar Hill,49410,Highest,0.0,0.0,0.1619,0.4655,0.1214,0.1417,0.1417,0.3036,0.1821,0.2024,0.1012,0.3036,0.3238,0.2024,0.8096,0.9715,0.2833,3.562,2.9144,1.8215,0.3441,0.0,0.5667,2.3882,3.4406,3.1977,0.6274,1.1536,0.9512,0.931,1.0322,0.9917,1.437,1.7405,1.356,1.7608,1.4167,1.275,1.0727,0.6881,0.3643,0.2024,0.1012,0.0607,0.1619,0.0405,0.3441,0.5464,0.2226,0.1619,0.1821,0.3845,0.2226,0.0202,0.2226,0.1821,0.2226,0.0607,0.1821,0.0202,0.0,10.5039,20.4817,29.4677,31.3095,30.7832,47.1362,40.4979,60.1295,58.5914,52.9447,34.5477,60.4331,61.3843,53.6531,51.7911,48.4517,12.8921,34.2846,61.6879,93.6045,96.6606,116.1303,129.1844,120.1174,122.4853,137.4013,114.3696,72.8193,117.9114,119.8138,114.1267,126.1688,117.9518,42.0158,8.3991,13.3779,34.5477,44.7683,53.7543,53.6329,44.4849,46.5695,47.6624,62.1129,47.3386,67.8,80.6719,80.8743,101.6393,93.0176,32.7464,0.0202,0.081,0.4453,0.5667,0.3238,16.0696,9.7146,7.1038,7.6908,7.63,0.4453,6.5979,15.1791,7.9943,8.6622,6.8812,0.2631,3.2989,6.4764,12.1433,13.4183,17.8506,17.9316,20.8662,19.4293,18.8423,17.3244,10.929,15.5232,18.5792,19.7531,23.1532,26.189,11.5361
MN1002,Harlem (North),83327,Highest,0.0,0.0,0.072,0.156,0.12,0.18,0.18,0.132,0.108,0.096,0.096,0.132,0.192,0.324,0.48,0.408,0.18,4.2603,4.5003,3.7443,0.492,0.012,0.504,2.9162,4.4043,5.1604,1.4161,1.4041,1.2241,1.2121,1.2121,1.6681,1.7161,1.5121,1.5001,1.6681,1.1401,0.7681,0.9001,0.588,0.42,0.192,0.156,0.0,0.612,0.264,0.18,0.204,0.312,0.588,0.588,0.7921,0.9361,0.624,0.552,0.516,0.42,0.252,0.216,0.096,0.036,5.2924,10.2968,13.8971,13.8611,13.309,20.4376,21.8777,37.2028,34.1906,29.1742,21.2536,51.2919,46.7196,47.0316,51.6159,44.2474,9.4927,17.2693,31.3224,43.7913,48.9757,51.8439,58.1084,50.7159,66.185,81.6422,64.1929,41.4151,76.8778,80.7421,94.7712,116.9729,104.0599,29.9063,3.4203,6.0725,13.693,20.1615,19.9695,23.5818,19.4535,23.1738,25.3939,36.5788,32.1744,45.1594,53.8121,67.3251,92.239,85.4825,29.0302,0.024,0.12,0.564,0.7681,0.18,15.7932,8.6047,6.4805,7.6086,6.9125,0.216,6.5045,15.8652,7.5846,6.9125,7.3326,0.156,1.5601,2.6882,5.4844,8.0286,9.0007,10.6688,8.8087,10.7528,12.817,12.2889,9.3247,14.4611,13.669,18.2894,23.0057,26.762,11.9409
MN1001,Harlem (South),47113,High,0.0,0.0,0.1061,0.1698,0.1486,0.3396,0.191,0.1698,0.5094,0.2335,0.1061,0.1698,0.3184,0.3184,0.7641,1.1037,0.4245,2.8867,1.7405,2.2287,0.3396,0.0,0.5094,1.974,2.7381,2.6744,0.7429,2.0377,1.8891,2.1862,2.4197,2.4622,2.3136,2.3136,1.7405,2.1013,1.4433,1.2735,1.3797,0.8702,0.5731,0.4245,0.3608,0.1274,0.6155,0.4882,0.7853,1.0401,1.1674,0.9339,0.5519,0.7429,1.1674,1.2948,1.0401,1.1037,0.658,0.4882,0.3396,0.0425,0.0212,5.6035,8.6813,8.936,10.0609,11.9712,19.2304,22.6265,31.4775,35.2557,36.1047,26.0862,53.9554,52.0663,48.4367,44.2128,38.6305,8.002,20.6525,26.1923,30.0129,33.7911,45.2741,47.2269,51.472,58.434,73.8013,71.9971,52.1937,78.8742,83.6287,98.5503,86.3244,86.664,27.3173,4.9456,5.5186,8.3841,13.1811,18.3177,20.7798,20.3553,21.1831,24.2608,41.5597,32.5388,45.2105,58.9858,66.6058,73.6527,72.7612,24.091,0.0425,0.1061,0.6368,0.9127,0.2123,25.0886,14.5607,10.443,13.4995,10.9312,0.2335,10.4005,23.7302,11.7165,10.443,10.5067,0.1274,2.7381,3.2475,3.8418,6.0281,8.1718,9.594,9.5303,9.9548,11.2495,11.5892,8.8298,13.9452,16.1739,22.2232,20.1218,23.2844,10.1458
MN0402,Hell's Kitchen,59524,Low,0.0,0.0,0.0672,0.7224,0.4536,0.8064,0.4704,0.8232,0.6888,1.0248,0.5544,0.6216,0.8736,0.7056,3.1248,4.9224,1.5288,2.436,1.8144,2.184,0.4368,0.0336,0.9408,2.184,2.52,2.5368,0.6216,0.504,0.672,0.6888,0.9408,0.7728,1.0248,0.84,0.9576,0.6552,0.42,0.3024,0.42,0.5208,0.4032,0.1848,0.1512,0.0336,0.4368,0.8904,1.0248,1.008,0.672,0.84,0.84,0.8232,0.6216,0.4368,0.336,0.3528,0.252,0.168,0.1344,0.1176,0.0,3.4776,4.5024,3.2424,3.444,5.3592,9.8448,14.2968,14.8512,23.0831,16.9343,9.3912,22.8311,22.5455,20.6639,15.7079,14.784,2.7048,11.1888,12.4488,11.508,14.0448,15.456,23.2511,26.3087,21.0503,34.8599,22.6967,12.8856,17.1191,26.1407,31.4327,28.1903,25.5359,6.8208,1.848,2.1504,3.2592,4.6872,6.9384,10.8864,13.1376,9.1728,12.0456,14.8344,8.6016,11.34,22.6463,26.9471,25.1831,21.2519,7.6608,0.0,0.0336,0.084,0.1848,0.2016,9.6096,6.552,3.3264,4.9392,4.6704,0.4536,4.032,10.1304,4.6368,3.4944,3.8976,0.084,1.932,1.6296,1.932,2.9568,3.8304,7.2072,6.9888,4.9728,6.7032,5.5608,2.7216,3.864,6.1656,7.4424,6.9384,7.4424,2.856
BX0402,Highbridge,32456,Highest,0.0,0.0,0.2773,0.3081,0.3697,0.2773,0.2157,0.4005,0.0616,0.1849,0.0924,0.0924,0.2157,0.3389,0.493,0.5854,0.2773,5.546,4.1287,4.56,0.7087,0.0616,0.647,3.5124,3.7589,4.8681,1.0784,0.1849,0.2157,0.2465,0.3389,0.3081,0.0924,0.0924,0.2465,0.0616,0.0924,0.2773,0.2465,0.0616,0.0308,0.0616,0.0,0.0,0.3697,0.5238,0.4314,0.3389,0.5546,1.14,1.1092,1.8487,0.7703,0.5238,0.7703,0.9243,0.9551,0.493,0.2465,0.1541,0.0,9.3973,14.4811,21.6909,22.3996,29.7018,38.3288,37.651,51.1154,38.8834,46.0624,32.1358,56.4765,61.5911,49.8829,79.2149,61.5295,13.4028,23.0466,31.1191,56.4148,69.1089,90.0296,99.6426,113.1378,123.6751,116.8043,102.9394,67.2911,123.4903,127.1876,127.4957,175.5916,184.8965,41.4407,5.3919,5.5152,15.806,23.9709,31.0574,30.5953,34.385,32.0126,32.9369,65.5657,49.5132,72.3133,95.175,98.4102,132.4871,140.7136,43.7515,0.0,0.0616,0.1541,0.3081,0.1232,7.9492,3.8514,3.2968,5.1762,5.0222,0.2157,4.9606,10.5373,5.6692,4.0979,6.4087,0.5546,2.5265,3.8206,7.98,8.9968,13.5876,12.4784,13.3103,11.6773,13.1563,12.879,9.7979,16.7303,22.2147,21.7525,26.1585,32.752,13.8649
QN1206,Hollis,24576,Intermediate,0.0,0.0,0.2035,0.0814,0.2441,0.1628,0.1628,0.2848,0.1628,0.0407,0.2441,0.0814,0.1221,0.4069,0.3662,0.4883,0.1221,2.4007,3.4587,2.36,0.3255,0.0,0.2035,0.9359,2.4821,2.0345,0.4476,1.9531,0.9359,0.3662,1.1393,0.8545,0.6104,1.0986,1.9938,1.0579,1.3428,0.9359,0.4069,0.529,0.6104,0.1628,0.0407,0.0407,1.6683,0.529,1.5055,0.0407,1.3021,1.0986,2.6855,1.5462,1.0986,2.1159,1.6276,1.5055,0.9359,0.529,0.4069,0.1221,0.0407,1.3835,1.3835,2.5635,2.1159,2.4007,4.1504,3.7842,3.4587,3.6621,3.8656,2.4007,11.9222,10.2946,9.6436,13.0615,12.085,2.4821,10.2946,9.7656,10.9456,8.7077,15.0553,16.6423,18.5954,16.1947,12.5732,15.3809,9.2773,13.7939,14.974,15.6657,25.7975,18.6768,6.0628,1.3021,1.0986,2.4414,4.1911,4.1097,4.4759,4.8421,4.4352,4.5573,5.9408,4.3538,7.609,9.8877,12.0036,16.4388,14.6891,4.3945,0.0,0.0,0.1221,0.1221,0.1628,4.4352,3.3773,2.5635,7.8125,6.6732,0.6104,7.8532,14.2008,8.4635,7.3649,8.667,0.1628,0.4476,0.6104,0.6917,0.4476,1.0579,1.0173,0.8952,0.7731,0.5697,1.18,0.4476,1.5869,1.4648,1.7904,3.4993,2.7262,0.7324
QN1003,Howard Beach-Lindenwood,27320,Lowest,0.0,0.0,0.0732,0.0366,0.0366,0.2196,0.1098,0.2196,0.1098,0.0732,0.1098,0.0366,0.0732,0.183,0.4758,0.9883,0.1464,1.0249,0.7687,1.0249,0.0,0.0,0.0366,0.2928,0.3294,0.9517,0.1098,2.123,2.1962,1.6105,2.8184,2.8551,2.8551,1.94,3.9898,2.5988,2.1962,1.0981,1.757,0.6223,0.4392,0.2928,0.183,0.0,2.4158,1.6471,1.5007,2.3426,1.9766,1.4641,1.7204,0.9151,2.3426,0.7321,0.5124,0.8419,0.4392,0.2196,0.0366,0.0732,0.0,0.183,0.5124,0.549,0.8053,0.5857,1.3909,0.8785,1.2079,1.0249,1.8668,1.8668,15.0073,14.6779,11.9327,9.5168,6.6252,1.0249,2.672,3.0381,4.4656,4.6852,3.1113,3.5871,3.8067,2.9283,2.123,2.8184,2.123,3.9165,4.6486,4.0264,6.7716,5.1245,1.3909,0.549,0.6955,2.5256,1.9034,1.2445,1.7204,1.2811,0.4758,0.8419,1.0981,0.9151,1.4641,2.7452,4.246,3.5871,4.1362,1.6837,0.0,0.0366,0.0366,0.0366,0.0,6.2592,3.5505,2.1596,5.0146,7.6135,0.1098,10.0293,19.5827,9.4436,8.3455,7.5769,0.1098,0.183,0.2562,0.3294,0.3294,0.366,0.3294,0.3294,0.0732,0.1098,0.1098,0.1464,0.2196,0.6955,0.2196,0.6589,0.366,0.2196
BX0201,Hunts Point,15131,Highest,0.0,0.0,0.2644,0.1983,0.5287,0.0,0.2644,0.3304,0.2644,0.3304,0.1322,0.1322,0.1322,0.727,0.5948,2.3792,0.5287,6.0141,6.675,5.882,0.6609,0.0,0.9913,2.5775,4.1636,4.3619,0.9913,0.1983,0.2644,0.1322,0.0661,0.1983,0.0,0.1322,0.6609,0.727,0.6609,0.4626,0.5948,0.0661,0.0,0.1983,0.0661,0.0,0.1322,0.0661,0.2644,0.2644,0.5287,0.5287,0.3965,0.6609,0.8592,1.9166,1.5861,1.3218,0.7931,1.1235,0.7931,0.3304,0.0,11.4335,10.9048,18.2407,23.7261,21.6774,32.9787,26.1714,27.6254,33.5074,45.3374,26.8984,60.1414,59.9432,55.9117,82.8762,61.3971,14.9362,34.7631,36.4153,61.7276,68.1383,64.7016,85.652,98.0768,69.8566,97.0194,93.7149,61.7937,103.43,127.2223,126.4953,186.9011,126.0987,37.4727,7.6664,7.1377,18.5051,22.0739,23.1313,32.3838,30.8638,26.3697,27.295,56.2422,41.7686,70.187,88.4938,106.7345,136.607,88.9564,25.114,0.0661,0.3304,0.3304,0.5948,0.4626,16.7206,10.2439,9.0543,10.2439,9.8473,0.1983,9.0543,22.0739,10.9048,9.583,9.4508,0.1983,3.4367,3.6349,8.0629,7.3359,10.6404,10.9048,12.7553,11.0369,12.0283,11.4996,7.1377,16.4563,16.9189,26.3036,34.5648,22.0739,7.6664
MN1203,Inwood,36299,High,0.0,0.0,0.1102,0.3581,0.3306,0.5234,0.4683,0.4408,0.303,0.3857,0.1653,0.2479,0.4408,0.6612,1.1846,1.5427,0.5785,2.8926,2.7549,3.1406,0.7438,0.0,0.5785,3.0028,4.3527,3.0579,1.2673,0.1102,0.2204,0.2204,0.1377,0.0826,0.1102,0.1928,0.1377,0.1653,0.1653,0.0826,0.1377,0.1102,0.0826,0.0551,0.1102,0.0,0.0826,0.0,0.0275,0.0275,0.0275,0.0,0.0,0.1102,0.0551,0.1102,0.0,0.1653,0.1653,0.2755,0.1928,0.0275,0.0,5.2068,11.1849,16.9977,22.4249,26.0889,39.8083,48.0454,50.2493,48.3484,53.0318,28.954,39.946,37.0809,37.3013,38.844,35.9239,9.4217,18.8435,37.4941,53.2797,67.1919,97.8815,123.3643,115.9261,116.2842,130.3617,131.629,76.3657,102.7301,81.6,94.2726,116.3393,103.1158,40.8276,5.3445,8.2647,18.0997,31.9017,39.643,37.3564,36.4748,39.3399,36.1442,70.6356,45.7588,62.4811,58.1559,69.0377,78.6523,80.7185,22.5902,0.0,0.1377,0.0826,0.0826,0.4132,2.9753,1.405,0.6887,1.2673,1.6254,0.3581,2.5345,1.956,1.6805,0.9642,1.7907,0.1653,1.8458,3.1681,4.6558,8.3749,11.9287,14.4357,14.3255,13.1684,16.3916,15.6478,8.8432,12.0664,9.587,16.3916,18.3752,16.9702,7.025
QN0301,Jackson Heights,101848,High,0.0,0.0,0.108,0.3044,0.1276,0.2651,0.1571,0.2258,0.1276,0.1866,0.1473,0.2356,0.1178,0.2847,0.8444,1.0113,0.4222,1.355,1.188,0.972,0.108,0.0098,0.2356,0.5793,1.5513,1.4237,0.3829,1.2077,1.0702,0.7953,0.6578,0.5891,0.6088,0.6578,0.864,0.5597,0.6382,0.1767,0.3731,0.2258,0.1375,0.1178,0.0393,0.0098,0.216,0.2455,0.1767,0.1571,0.1669,0.0785,0.0785,0.0295,0.0982,0.4517,0.1276,0.3142,0.1767,0.0196,0.0,0.0098,0.0,1.2568,1.6397,2.9456,3.4169,3.2107,3.8391,3.1812,4.3889,5.3118,6.0973,3.2598,16.8585,14.4136,19.2836,24.6347,19.5586,3.4856,6.5392,7.0497,10.0051,10.2015,10.0935,11.2226,9.7007,11.9492,15.9453,15.0518,7.8156,17.5261,14.3645,20.943,42.4358,37.0356,9.0822,1.0702,1.463,2.4055,4.2023,3.8096,4.2023,3.8096,3.3874,4.2122,7.2755,6.1955,12.6267,11.4975,19.2444,32.1656,29.5735,8.0414,0.0295,0.0491,0.0393,0.0196,0.0491,8.0512,5.6358,3.407,5.8028,5.1155,0.2258,5.2137,11.1048,6.5588,6.0973,5.5966,0.1276,0.4615,0.5498,0.9033,1.0702,0.9622,0.8935,0.9622,1.5611,1.5219,1.4335,0.6873,1.9146,1.6102,4.6344,7.0203,5.302,2.0128
QN1201,Jamaica,60993,Highest,0.0,0.0,0.1803,0.3279,0.2295,0.3771,0.2951,0.1803,0.1476,0.2131,0.164,0.2131,0.2459,0.3771,0.7214,1.0821,0.2787,2.8856,2.5905,1.7871,0.6066,0.0328,0.4919,1.0329,3.1643,3.9021,0.8526,0.541,0.6066,0.8198,0.5902,0.4427,0.6558,0.8853,0.9673,1.0329,1.246,0.6886,0.4755,0.3607,0.2131,0.164,0.082,0.0328,1.2952,1.0001,1.6231,1.3936,1.0657,1.7379,1.8199,2.0658,2.5085,2.4593,1.7707,2.033,2.115,1.1641,0.5247,0.3935,0.0656,2.4101,2.8036,4.9678,7.0336,4.6727,7.2303,6.0007,9.4929,8.9846,7.837,5.2629,17.3135,21.1172,17.8217,24.0519,20.9368,4.1644,8.7387,14.1,17.6086,20.7073,18.248,23.1502,21.609,29.8067,24.3143,18.5103,10.8209,20.6745,22.9371,24.2159,42.1688,30.7904,10.3782,1.8199,2.5413,4.3939,8.542,7.05,7.5746,7.05,7.5582,9.5093,12.526,11.4603,15.3788,20.2482,25.216,32.3644,27.2654,9.9192,0.0328,0.0984,0.082,0.082,0.164,7.8698,5.1317,3.3938,6.7057,6.5417,0.1312,6.5745,13.7229,7.9025,7.0172,6.9352,0.3279,0.7706,0.9673,1.3608,2.4429,1.8691,2.3117,1.9019,3.0167,2.4757,2.1314,1.4756,2.7216,3.9021,4.7219,7.4763,5.2465,1.7871
QN0804,Jamaica Estates-Holliswood,23576,Low,0.0,0.0,0.1697,0.0848,0.2121,0.1697,0.0848,0.1272,0.1272,0.0424,0.0848,0.0,0.2121,0.2121,0.509,0.4242,0.0848,1.7815,1.2725,1.018,0.2969,0.0,0.0848,1.0604,1.3149,0.9332,0.2545,4.0295,4.793,3.266,3.6902,4.4113,4.7082,3.9023,5.6837,4.6233,5.9807,5.1323,3.3509,1.1876,0.9332,0.5938,0.2121,0.0424,1.4421,3.0964,3.3509,3.1388,3.3509,3.4357,3.0964,3.7326,3.8174,5.3868,2.4177,2.6722,1.3573,1.1028,0.8483,0.9332,0.4666,0.5514,0.8059,1.1028,1.7815,1.7815,2.1632,2.2905,2.6298,2.9691,2.8419,2.0784,9.8829,8.7801,12.8096,13.9549,8.6529,1.6542,3.0115,5.0899,5.3868,5.5141,7.5925,6.3624,3.9447,9.2891,7.2107,6.7017,3.9023,13.5731,10.9433,14.379,22.4805,15.1849,3.775,0.3817,0.8059,0.9756,1.1876,1.2725,2.4177,2.545,1.8663,2.0784,3.9871,4.9627,9.2043,9.0346,15.3546,20.7414,16.4574,4.1568,0.0,0.0,0.0,0.0,0.0,4.0295,2.1632,1.2725,2.8419,2.4601,0.0424,2.1632,4.8354,3.0964,2.5874,6.1503,0.1272,0.4242,0.509,0.2969,0.7635,0.7635,0.8059,0.2121,0.6362,0.4666,0.8059,0.2545,1.3573,1.3149,2.2056,2.8419,2.1632,0.9332
QN0805,Jamaica Hills-Briarwood,39292,Low,0.0,0.0,0.0764,0.1782,0.1527,0.1018,0.2545,0.0509,0.0509,0.1273,0.0764,0.1018,0.1527,0.2545,0.3309,0.3054,0.1273,1.7052,1.5525,0.9162,0.2291,0.0255,0.1018,0.7126,1.4507,1.6288,0.509,1.018,1.2216,1.3998,0.9926,0.6872,1.298,1.9851,1.4761,1.7306,1.6543,1.0944,0.7126,0.2545,0.1527,0.1018,0.1273,0.0509,1.2725,0.5599,0.789,0.8653,0.6872,0.4836,0.789,1.5779,0.6872,0.8399,0.5599,0.6872,0.3309,0.0764,0.0,0.0,0.0,0.5854,0.4581,0.7126,1.5525,1.3489,1.6034,1.8833,4.0466,3.2068,6.1336,2.5705,11.3764,12.4198,10.3583,14.8122,14.914,1.9851,3.9703,4.3775,5.1155,5.1664,4.352,5.4973,8.3987,7.8133,7.0243,10.511,5.7009,11.4782,15.2703,9.8239,23.9234,16.441,5.4464,0.5599,0.3818,1.0435,1.8579,1.4252,1.807,1.5525,2.0106,1.7561,4.6065,4.7083,8.1951,10.8165,11.5036,20.5894,19.775,5.7518,0.0509,0.0255,0.0255,0.0509,0.0509,7.2788,4.0975,2.8759,4.7083,4.5047,0.0255,4.0721,9.6457,5.7264,5.3955,5.0392,0.1273,0.3563,0.4327,0.3054,0.5854,0.6617,0.5599,0.7381,0.4836,0.4581,0.8144,0.6108,1.4252,1.0689,1.3489,3.1813,2.5196,0.7635
BK1203,Kensington,41758,Low,0.0,0.0,0.0958,0.0479,0.1197,0.1916,0.1437,0.1437,0.0958,0.1197,0.1676,0.0958,0.1197,0.1437,0.4071,0.3832,0.0718,0.8142,0.91,0.5987,0.2155,0.0,0.2395,0.7903,1.0058,0.9579,0.2634,1.1974,0.8142,0.7663,0.7663,0.5029,0.8621,1.1495,0.7903,0.91,0.5747,0.2155,0.1916,0.1437,0.1197,0.0718,0.0479,0.0479,0.1916,0.1676,0.0,0.2155,0.1437,0.5268,0.455,0.9579,0.7903,0.6466,0.3113,0.2874,0.2634,0.2874,0.1676,0.0958,0.0239,4.0232,4.3824,6.37,8.8366,6.9687,12.9795,9.124,12.9556,17.314,19.9962,12.764,24.6899,27.7073,28.7131,26.0309,27.3241,4.2387,13.4585,12.2611,17.1225,25.7915,24.8096,29.0244,24.4504,25.7915,35.4902,40.4952,20.978,26.1746,28.6412,39.5852,37.1426,45.7876,11.0637,2.2032,3.0892,5.5798,8.3337,8.214,9.2437,8.1661,8.7648,9.9143,18.5354,13.1472,14.7277,19.7806,30.126,26.8931,31.1557,9.5072,0.1916,0.0239,0.0718,0.0958,0.0718,16.1406,7.735,6.5856,9.6269,8.19,0.1437,8.4535,20.4751,8.7887,7.8787,9.1479,0.0239,1.0297,0.9818,2.0116,3.1132,2.9455,3.3287,2.8976,2.5384,4.2627,4.9332,2.6821,3.5203,4.2148,6.1066,5.8911,7.7111,2.0834
QN0901,Kew Gardens,24371,Low,0.0,0.0,0.1231,0.041,0.0821,0.1641,0.2052,0.1641,0.041,0.0821,0.0821,0.0,0.1231,0.1641,0.6976,0.7386,0.2052,2.2157,2.3388,1.8465,0.5745,0.1231,0.3283,1.1079,2.503,2.7492,0.6976,0.5334,0.7796,0.0821,0.4924,0.3283,0.7796,1.272,0.9848,0.8206,1.272,0.6155,0.4514,0.1231,0.1231,0.0,0.0,0.0,0.8206,0.6976,0.9848,1.1489,0.9437,0.6155,1.1079,0.8206,0.8617,0.7796,0.4924,0.5334,0.6565,0.5334,0.1641,0.2462,0.041,2.0927,1.6823,4.1443,3.2826,4.0622,4.6367,3.6108,6.5652,8.4527,10.7505,6.9345,14.8537,18.7928,16.5771,23.0602,21.2958,6.6472,8.7399,10.4633,13.951,10.2991,14.5255,14.9358,12.1456,14.4844,15.8795,21.9113,12.7611,13.1714,19.9828,23.5526,35.3699,26.589,9.0271,1.1079,0.9848,3.0364,3.3647,3.9391,2.6261,2.7081,3.1185,4.8008,9.2733,8.3296,8.1244,14.9358,20.5983,26.0556,24.8246,9.9709,0.041,0.041,0.0,0.1641,0.0821,6.5652,3.5698,2.3799,3.5698,3.5698,0.041,3.775,7.3038,4.3494,3.857,3.816,0.0821,0.9027,1.3541,1.6823,0.9437,2.6671,1.8875,0.8617,1.8875,1.1079,3.3647,1.8465,1.7234,2.585,2.7081,5.2932,4.4725,1.8875
QN0801,Kew Gardens Hills,36009,Low,0.0,0.0,0.0278,0.0833,0.0833,0.0833,0.1389,0.0555,0.0278,0.0555,0.0833,0.0555,0.1111,0.1389,0.3333,0.2777,0.2777,1.694,1.8051,0.972,0.2499,0.0,0.3333,0.8054,1.2219,1.0275,0.2499,1.8329,2.305,2.8604,1.7773,3.027,2.5271,2.3328,2.4161,1.9717,2.9437,1.7218,1.6663,1.1386,0.2222,0.1944,0.0833,0.0,0.0833,0.0,0.3333,0.2222,0.4166,0.4166,0.4999,0.3055,0.2222,0.2777,0.361,0.1389,0.3888,0.1666,0.1389,0.0833,0.0,1.2219,2.3605,3.7491,5.943,5.1376,3.0548,2.2494,3.0826,3.8879,3.6658,3.6102,15.996,12.4691,20.3838,18.7453,17.4123,3.999,6.3318,9.7476,13.8576,16.2737,20.3838,12.2747,6.8039,9.0811,9.8864,10.7751,6.6095,10.303,14.663,18.301,40.3233,34.7969,12.5524,0.9164,1.0831,3.1103,5.9152,6.5539,3.8324,2.305,2.9993,2.8882,3.388,3.5824,6.8316,8.6645,14.4408,28.5206,23.633,11.4694,0.0,0.0,0.0555,0.0278,0.0,8.3035,6.2484,1.5552,6.5539,3.0548,0.0833,2.9715,7.9425,4.0823,2.0828,2.7493,0.0833,0.4999,0.4999,0.9164,1.694,3.1103,1.1941,0.722,1.3052,0.9442,0.4721,0.8887,1.3885,1.4996,3.3047,7.7758,4.8877,2.8049
BX0801,Kingsbridge Heights-Van Cortlandt Village,35777,Intermediate,0.0,0.0,0.1398,0.1957,0.2236,0.028,0.0839,0.0,0.0839,0.0839,0.0839,0.1398,0.0,0.1677,0.3075,0.2795,0.1398,4.5001,4.2485,2.6833,0.5311,0.0559,0.8106,2.5435,2.9907,4.0529,1.2298,0.1398,0.0559,0.0839,0.028,0.0559,0.1118,0.1118,0.3075,0.1957,0.4193,0.2236,0.3354,0.1957,0.1398,0.028,0.0,0.0,0.9503,0.5311,0.2795,0.5311,0.7267,0.6149,0.4752,0.4472,0.4752,0.6988,0.9224,0.7826,0.7267,0.2236,0.3354,0.1118,0.0,7.1834,9.084,13.109,13.9196,18.9228,23.0316,22.5005,23.9539,25.631,27.5876,13.6121,29.041,29.4323,34.0163,47.9079,49.8365,10.845,19.5936,21.9974,30.3826,44.1345,60.9051,65.0418,67.4456,68.7034,61.0728,59.4796,32.7305,59.2839,60.7094,95.089,120.2169,110.8254,25.044,3.2144,5.5343,9.9505,15.2892,19.6495,21.8017,22.1092,21.8576,22.1371,38.7679,24.2893,39.0195,53.2185,70.7717,83.0981,85.2503,23.6744,0.0,0.0,0.1118,0.3634,0.0,4.9753,2.6833,2.2361,3.2703,2.7671,0.2795,4.2206,6.7641,3.0746,2.823,2.6553,0.1677,1.5373,2.5994,4.3883,6.7362,8.4132,8.3294,8.525,6.6803,7.5188,8.4971,4.1088,9.4754,11.963,16.7426,20.4601,20.8793,8.3573
BX0802,Kingsbridge-Marble Hill,22807,Intermediate,0.0,0.0,0.0438,0.3508,0.2631,0.2631,0.1315,0.2192,0.2631,0.1754,0.2192,0.1754,0.1315,0.3508,0.6577,1.14,0.3946,3.4638,3.3323,3.5077,0.4385,0.0,0.4385,2.0169,2.8938,2.4992,0.6577,0.0438,0.2631,0.1754,0.3508,0.5262,0.1754,0.57,0.3508,0.1754,0.3508,0.1754,0.1315,0.1754,0.0,0.0438,0.0438,0.0,0.6138,0.3069,0.3069,0.57,0.3069,0.4385,1.0962,0.4823,0.6577,0.8331,0.7892,0.4823,0.7015,0.3069,0.4823,0.4385,0.0438,4.8669,11.6631,10.6546,19.38,14.9515,18.8539,16.4423,19.0292,21.5285,30.7362,18.0646,34.0246,21.6162,31.5254,30.2539,29.4208,6.4015,17.5385,23.8962,32.1831,59.4993,44.9862,49.7216,50.4231,51.3439,58.5347,62.3054,44.2846,73.7054,56.0354,79.4054,79.4931,76.3362,15.8723,3.8146,6.4015,9.2077,23.1069,20.3446,17.0123,16.3546,19.5992,19.9939,33.4985,27.5354,47.0031,36.7431,54.1062,53.7116,60.157,14.1623,0.0438,0.0,0.0,0.0877,0.0877,3.42,1.6223,1.6223,1.8415,1.6662,0.5262,1.6223,3.9023,2.0169,2.6746,3.0692,0.3946,1.6223,2.4115,3.42,9.9969,6.0069,5.3054,4.9985,6.2262,8.7254,7.3662,5.7439,10.4354,8.1554,13.7239,13.11,17.3192,4.0338
QN1305,Laurelton,26088,Lowest,0.0,0.0,0.115,0.115,0.1917,0.1533,0.1533,0.1533,0.0383,0.115,0.0383,0.0383,0.23,0.1533,0.6133,0.5366,0.1533,1.3799,1.8399,1.0733,0.4983,0.0,0.345,0.4216,1.3799,1.9166,0.3067,0.5366,1.5716,1.8399,0.9966,1.6099,1.0733,1.4183,1.3799,1.6099,2.0699,0.92,0.7283,0.46,0.2683,0.115,0.0383,0.0,1.4566,0.3833,0.4983,0.8816,1.1883,1.5333,1.5716,0.92,0.575,0.6516,0.46,0.7666,0.23,0.46,0.2683,0.1533,0.0767,1.4566,0.6516,0.5366,0.8816,0.2683,0.6516,0.7283,0.9583,2.1082,0.575,1.035,1.7633,2.9899,2.1082,3.0282,2.9132,0.3067,8.9696,4.8681,5.4814,4.1782,3.3349,7.168,4.3698,7.0531,10.6946,3.1432,1.8783,3.7948,8.3947,4.3315,5.0598,6.3631,1.6099,1.8016,0.69,0.92,2.0316,2.1849,2.6832,2.1849,3.3732,4.1782,1.3416,0.8433,2.5682,5.7498,2.7982,4.1398,3.3732,1.15,0.115,0.2683,0.1533,0.1533,0.1533,1.035,0.92,0.8816,6.5931,6.1331,0.345,5.8264,12.8412,7.743,7.8197,8.433,0.23,0.2683,0.0383,0.0383,0.23,0.0383,0.0,0.0383,0.805,0.1917,0.0767,0.0,0.0767,0.23,0.1533,0.7283,0.115,0.1917
QN0201,Long Island City-Hunters Point,32216,Low,0.0,0.031,0.0621,0.4346,0.3414,0.3725,0.4346,0.3104,0.4035,0.4346,0.2483,0.4346,0.4035,0.5898,2.0487,2.5143,1.1795,0.6829,0.6519,0.745,0.2173,0.0,0.2483,0.3104,1.521,1.9556,0.6208,0.2794,0.2173,0.4346,0.5898,0.8381,0.8691,0.9312,1.1485,1.0243,0.8381,0.3725,0.4035,0.2794,0.1862,0.1552,0.031,0.031,0.9623,1.521,2.0176,2.8868,3.7559,5.8356,10.3365,7.5428,6.0219,6.146,6.3323,2.1418,2.4832,0.9623,0.5277,0.2483,0.1242,0.3104,0.3725,0.2794,0.4346,1.3968,1.2106,1.0864,2.297,4.0353,4.3457,1.9866,9.995,8.5361,10.5227,7.7912,8.0395,1.0243,2.0487,2.1728,2.328,3.6007,3.818,3.818,1.6141,4.4388,3.042,3.8801,2.7626,2.4212,3.7249,4.563,7.1704,5.9287,1.3968,0.2173,0.4035,0.776,0.8381,2.1418,1.3658,0.9933,1.6141,1.4279,2.1418,1.6762,2.2039,2.8557,4.3767,5.339,4.5319,1.4279,0.0,0.0,0.0,0.0,0.0,6.146,3.3834,2.6074,3.7869,3.5697,0.031,2.7316,6.5806,4.2836,2.9178,2.6695,0.0,0.1552,0.2483,0.4346,0.4656,0.7139,0.4656,0.776,0.6208,0.2173,0.4656,0.4035,0.4966,1.2106,1.2416,1.8624,1.7072,0.6208
BX0202,Longwood,40289,Highest,0.0,0.0,0.2482,0.2978,0.3475,0.3227,0.3475,0.2482,0.273,0.1489,0.1489,0.1986,0.0993,0.422,0.422,0.8191,0.3227,5.3116,5.1379,5.2123,0.695,0.0,0.4716,2.8296,3.0033,4.1699,1.3155,0.2482,0.3227,0.2978,0.1986,0.1986,0.3971,0.3723,0.2234,0.1489,0.2482,0.1489,0.1737,0.0496,0.2978,0.0745,0.0496,0.0248,0.8935,1.0176,0.5709,0.2234,0.1986,0.3227,0.6453,1.4396,1.6133,1.1418,0.6453,0.8439,0.5709,0.3475,0.2234,0.0745,0.0248,7.8185,8.5631,15.6867,17.5979,20.9735,27.1538,24.5725,35.2454,34.7241,35.3446,22.8102,52.595,46.8366,44.8261,64.9557,60.7362,12.0628,23.9271,24.92,38.9685,48.723,63.3672,68.9766,84.7874,92.5563,99.3323,70.4411,47.6805,67.7356,81.114,94.9887,129.5391,133.9572,27.5509,5.4605,8.1164,13.3535,22.1152,23.5796,22.9591,27.675,29.5614,30.6783,48.028,32.8377,44.429,60.6369,68.9022,102.3108,99.5805,26.856,0.0745,0.0248,0.1986,0.2978,0.2234,14.7931,8.1412,6.925,8.0171,7.6199,0.1489,7.0987,16.8284,8.7369,6.8009,7.4462,0.1241,3.0529,3.2019,5.6095,9.0595,10.5736,8.7865,9.6056,10.7225,13.4032,9.6304,7.3221,10.3006,13.6514,15.1654,23.7782,24.1505,8.1908
MN0302,Lower East Side,49149,Low,0.0,0.0203,0.1221,0.9156,0.7325,0.7528,0.6714,0.8545,0.6307,0.8545,0.529,0.5087,1.0377,1.058,2.8078,4.171,1.3429,1.0377,1.2004,0.8545,0.1221,0.0814,0.1628,0.9563,0.7528,0.6714,0.1628,0.7121,0.5493,0.4273,0.3052,0.6104,0.6714,0.5493,0.4476,0.7732,1.7498,1.6887,1.1801,0.997,0.7121,0.7325,0.2645,0.0814,0.1017,0.2035,0.0814,0.3255,0.6511,1.0377,0.9766,1.0784,0.9359,0.8545,0.7732,0.8545,0.6511,0.2645,0.1017,0.0407,0.0203,2.9909,2.5433,2.645,3.8658,3.0113,8.403,7.7926,12.0857,13.9576,11.3329,7.345,19.7359,17.4571,14.3238,10.4987,7.7926,1.6277,7.284,8.2809,6.5922,12.3095,10.0104,16.3991,17.3961,19.329,25.7381,21.0991,13.2251,14.9342,16.1753,23.2355,15.1173,9.6645,5.2697,1.4446,1.8312,2.5433,4.8017,5.5749,6.4701,6.9381,8.2809,9.5424,11.3939,9.9697,11.9229,16.3584,18.393,16.745,8.0164,4.7814,0.0,0.0,0.0407,0.0407,0.0407,5.3307,4.3541,2.3195,3.0926,2.6247,0.0407,2.2991,5.8801,3.0926,2.0753,2.7874,0.0407,1.1597,0.9156,1.4853,2.8281,2.5636,2.7874,4.4762,4.0489,5.4935,4.5576,4.0286,4.7,5.4121,5.7783,3.0316,2.1567,1.3429
BK1502,Madison,41465,High,0.0,0.0,0.0965,0.1688,0.1688,0.2412,0.1447,0.1447,0.0965,0.1206,0.0965,0.1929,0.1206,0.3135,0.3859,0.4823,0.1447,0.8923,1.0611,0.8923,0.2894,0.0,0.4341,0.6753,1.037,1.037,0.3135,1.4229,1.6399,1.2541,1.0611,1.4711,1.1817,1.0853,1.9052,1.6158,1.3505,1.037,0.7959,0.5306,0.2412,0.2171,0.0965,0.0241,0.7476,0.7235,0.5065,1.2541,0.6994,1.447,1.037,0.9888,1.2782,1.7605,0.9406,0.5788,0.2412,0.2653,0.1447,0.0724,0.0,2.267,1.447,3.9793,3.9793,6.0051,6.5115,9.6708,11.0696,12.5648,11.4072,8.9714,17.8464,13.6501,14.7353,14.0601,14.0842,2.7734,7.5968,11.0455,12.396,13.4812,24.8402,13.6983,22.5733,25.9737,32.3164,25.0573,20.5957,28.6989,21.898,27.8548,25.7084,30.0012,8.4167,1.1335,1.3505,1.9052,4.0275,6.8009,4.9198,5.6915,6.8009,5.8845,10.949,12.2031,13.0471,12.0584,17.0988,20.3063,19.9928,5.5227,0.0,0.0,0.0241,0.0482,0.0724,5.4504,2.074,2.1946,3.4969,3.2558,0.0724,3.1834,7.5485,3.4487,3.4246,3.8104,0.0241,0.7235,0.7717,0.7235,1.3264,2.3634,1.7605,2.0982,2.5081,3.8587,3.4246,3.5452,4.6786,2.7734,4.8475,4.4375,5.4021,2.267
MN0902,Manhattanville-West Harlem,22183,High,0.0,0.0451,0.0902,0.0902,0.3156,0.2705,0.2254,0.1352,0.0902,0.0451,0.1803,0.0902,0.0902,0.541,0.541,0.9918,0.2254,1.8933,1.8483,1.5778,0.3156,0.0,0.7213,2.2991,2.0737,1.713,0.4959,0.1803,0.0,0.3156,0.2705,0.0902,0.0902,0.1352,0.2705,0.3156,0.1803,0.0451,0.0902,0.0,0.0451,0.0,0.0,0.0,0.3156,0.0902,0.0902,0.4508,0.4959,1.3073,0.6311,0.8565,0.1803,0.7213,0.2705,0.3156,0.2705,0.1803,0.4057,0.0,0.0,5.6349,12.6674,21.0522,23.802,28.4452,34.3055,39.4897,60.5869,57.8822,64.1933,33.0433,65.5006,46.5221,46.7024,41.2027,43.4116,11.7207,15.2369,26.6871,64.6892,77.041,100.9331,98.2284,108.5065,127.5752,152.8197,128.8825,80.5572,127.0342,111.7522,119.1453,114.9078,118.2437,34.7563,5.0038,9.1962,23.0807,29.6173,44.0427,36.1989,44.6738,44.0878,54.952,75.0575,51.6161,72.8937,73.074,84.1185,89.5731,85.561,32.863,0.0,0.0,0.0902,0.0902,0.3606,6.4013,3.8318,1.713,3.0654,3.3359,0.4959,2.2991,4.4629,1.8032,2.2089,1.8032,0.4959,1.2622,4.0121,8.4299,11.1797,12.8477,12.8477,20.6464,21.0972,22.6299,17.3556,11.1347,16.409,12.487,18.3474,24.1176,21.9988,11.4502
BK1204,Mapleton-Midwood (West),39137,Low,0.0,0.0,0.0,0.0767,0.1278,0.1278,0.0256,0.0,0.0511,0.0511,0.0256,0.0511,0.0256,0.2044,0.2811,0.23,0.1533,0.6132,0.741,0.5366,0.2044,0.0,0.23,0.6388,0.511,0.7154,0.1533,2.5807,2.6318,3.0917,3.1684,4.0371,3.6794,4.727,6.3112,4.5481,4.7014,2.8873,3.4239,2.4018,0.9454,0.4855,0.511,0.0511,2.9639,2.223,2.2996,2.8617,2.3252,1.8652,2.0186,2.2996,2.734,2.7851,1.9163,1.7375,1.252,0.8176,0.3322,0.3577,0.1278,1.3542,2.0952,2.3763,2.8362,2.9639,4.1904,4.1649,6.6689,8.994,10.8593,6.5667,24.1459,25.3213,22.6384,22.6895,21.6164,2.734,6.1579,6.6689,6.6689,8.0231,9.2751,9.9139,6.6433,11.4725,18.1158,18.9079,10.3227,18.0903,20.441,21.7952,24.427,23.5327,5.8512,0.511,0.8687,2.5296,3.0406,3.015,3.1684,3.4494,2.8362,4.6503,9.8117,6.7455,10.2716,13.3378,15.7907,16.685,18.9846,4.9569,0.0,0.0511,0.0,0.0767,0.0256,18.0392,7.9209,7.5376,9.8372,9.1985,0.1022,8.8152,19.8022,11.217,8.5341,9.4795,0.0767,0.2044,0.6132,0.741,0.8176,1.0221,0.9454,0.9454,1.4309,2.4274,2.8106,1.8652,2.223,3.4494,2.734,3.8327,3.6027,1.2009
BK1802,Marine Park-Mill Basin-Bergen Beach,46955,Low,0.0,0.0,0.0852,0.0639,0.0852,0.1917,0.1065,0.1278,0.1491,0.1065,0.0852,0.1491,0.1491,0.1917,0.4685,0.6602,0.2343,1.1074,0.9797,0.7241,0.1278,0.0426,0.2982,0.5324,0.5324,0.5111,0.1065,2.2362,1.8528,2.4066,2.5769,2.5556,1.5121,1.8954,1.7251,1.6186,2.151,1.1713,1.3843,1.1287,0.4898,0.362,0.4259,0.0426,0.5111,0.788,0.6176,0.2769,0.2769,0.2769,1.8315,1.3417,1.2139,1.363,0.5963,0.5111,0.0426,0.0213,0.0852,0.0213,0.0,0.5324,0.5111,0.4259,0.6602,0.7241,0.6815,0.6602,0.8945,0.8519,1.7676,1.1713,5.8141,5.4094,7.1132,5.8567,5.6011,0.0639,2.7047,2.0019,2.8538,2.7899,5.0687,2.6834,2.5343,4.2807,4.1316,5.6863,3.5992,5.1326,5.0474,5.0048,4.4511,4.1742,0.7667,0.7241,0.5537,0.8093,0.8093,0.9584,1.0648,0.7028,1.8528,1.5334,2.9603,1.363,2.0445,1.6612,2.8538,1.2565,2.4917,0.4259,0.0,0.0213,0.0426,0.0639,0.0426,4.3233,3.152,3.2158,5.5585,5.6437,0.3195,5.6011,12.1393,7.0706,6.7298,6.7937,0.1065,0.0426,0.0639,0.0426,0.0852,0.0,0.0852,0.1491,0.1704,0.1491,0.2982,0.1704,0.2343,0.1491,0.7241,0.2982,0.2343,0.0
SI0107,Mariner's Harbor-Arlington-Graniteville,33492,Intermediate,0.0,0.0,0.0299,0.209,0.1194,0.1493,0.2389,0.209,0.1194,0.1791,0.0597,0.1194,0.1791,0.0597,0.5374,0.4777,0.2389,2.0303,1.6123,2.0303,0.3882,0.0896,0.6867,1.7915,1.9109,1.9109,0.5076,0.5972,0.1791,0.3882,0.7166,0.2986,0.2389,0.209,0.4479,0.2389,0.3583,0.3882,0.3284,0.1194,0.0896,0.0299,0.1194,0.0,2.7469,1.3436,1.7616,1.5825,2.2991,1.9109,1.672,2.8066,3.2545,2.8962,1.045,0.5972,0.627,0.5673,0.6569,0.5076,0.2687,2.0005,1.463,3.8517,3.8815,4.8967,4.837,8.0616,5.5536,13.9138,10.1815,7.9721,11.4057,10.7787,13.7048,10.8086,9.3455,3.5531,11.7043,10.9578,17.1384,22.6323,26.7228,15.765,16.7204,12.9882,24.155,14.8394,14.5109,17.1384,14.3019,22.5128,26.6034,34.3067,12.7792,1.5526,1.5228,2.9559,6.3,8.8379,5.0758,5.4938,3.7621,7.2853,7.6735,7.8228,9.3754,8.8976,8.9275,11.137,12.2417,7.345,0.0597,0.0896,0.0896,0.1493,0.0299,1.3137,1.4332,1.5228,8.6289,7.554,0.6569,7.2256,16.2725,8.5692,9.2858,9.1962,0.2986,0.209,0.1791,0.2687,0.5076,1.2839,0.7763,1.0749,0.5076,0.8957,1.0749,0.7166,1.045,0.7166,1.9408,1.4929,1.9109,0.9555
QN0501,Maspeth,43257,Intermediate,0.0,0.0,0.2774,0.3005,0.3005,0.2774,0.2312,0.4855,0.1387,0.3468,0.2081,0.1849,0.3005,0.5548,1.0172,1.2946,0.3005,0.9478,0.786,0.7629,0.0925,0.0,0.0925,0.3699,0.7629,0.8554,0.2081,1.8032,1.6182,1.5258,1.4333,1.0865,0.9941,1.4564,1.6876,1.5258,1.1559,0.7166,1.0634,0.5086,0.3236,0.2081,0.2081,0.0231,2.1962,1.5258,2.3811,1.8725,2.4967,1.3177,0.5779,0.6242,1.9188,1.7569,0.5779,0.7629,0.6011,0.1849,0.1387,0.0925,0.0231,0.1618,0.7398,0.5779,1.3639,1.8725,1.4102,0.9016,2.1037,2.2655,2.6354,1.8725,16.4135,14.9571,14.6797,13.7319,13.2002,0.6704,3.1902,3.0746,2.2655,5.2708,5.6407,3.7219,3.4445,3.6526,3.1209,3.9069,1.7801,5.2939,4.9241,7.1665,7.2821,5.9412,1.8032,0.4855,0.8091,0.9016,1.7107,2.2886,2.8204,1.6182,0.9016,1.2715,2.4042,1.6182,3.8606,3.7219,6.7735,5.5945,4.9934,2.1731,0.0,0.0,0.0,0.0,0.0,12.8303,8.8309,5.7101,9.2008,7.9756,0.1156,8.9696,18.078,12.2524,8.7616,9.1315,0.1156,0.2312,0.3468,0.1849,0.5086,0.7166,1.0865,0.4161,0.3236,0.2312,0.393,0.2774,0.7398,0.4624,1.4102,1.2715,0.4161,0.2774
BX0102,Melrose,42651,Highest,0.0,0.0,0.211,0.3282,0.1876,0.2579,0.3751,0.3048,0.2345,0.1876,0.1876,0.1876,0.0938,0.4455,0.3986,0.7034,0.2345,4.5485,4.7127,4.1031,0.7268,0.0,0.5158,2.626,2.837,3.5638,1.0785,0.1641,0.1876,0.0234,0.1641,0.1641,0.0469,0.2579,0.211,0.2345,0.1407,0.3048,0.5627,0.2579,0.0234,0.0703,0.0,0.0,2.2977,1.2192,0.3517,0.0938,0.2579,0.6096,0.2345,1.0082,1.5006,1.3364,0.6799,0.6096,0.8206,0.8675,0.3751,0.5862,0.0938,6.4242,7.0338,8.1827,10.0818,12.8954,16.8343,14.4897,22.1097,18.2176,23.4227,13.8332,36.998,36.107,40.7493,52.4724,46.9391,10.4101,16.2482,20.8905,26.9161,36.7635,45.7668,42.5781,50.1747,50.1278,54.7467,44.7586,28.4167,46.6343,52.2848,75.0275,103.749,103.8428,25.4625,3.1887,3.9155,10.5507,15.3338,17.5846,14.3021,15.8261,17.5377,16.9515,29.4249,19.6009,30.1048,38.1703,56.7396,74.3007,74.1366,21.8518,0.0469,0.0234,0.1172,0.4924,0.2814,14.5366,6.9166,5.3926,7.1276,6.096,0.0703,6.307,16.1778,6.7994,7.6669,7.62,0.3751,1.524,2.2508,4.5251,5.8146,7.7841,6.518,7.7841,7.3386,7.5262,7.198,3.3059,7.9951,8.8157,13.2471,17.608,17.7722,6.2836
QN0504,Middle Village,34474,Low,0.0,0.0,0.087,0.2031,0.174,0.174,0.087,0.0,0.145,0.058,0.0,0.174,0.058,0.3771,0.4351,0.6092,0.174,1.0153,0.5801,0.4931,0.058,0.0,0.116,0.3191,0.4351,0.7252,0.2321,1.6534,2.0595,2.1465,1.5664,2.0015,1.8855,2.2336,2.2916,2.9878,1.7404,1.3633,1.2183,0.4931,0.2901,0.145,0.145,0.029,1.9435,0.4931,0.4351,0.6672,0.2901,0.2901,0.174,0.4641,1.0733,0.5801,0.9863,0.6092,0.4061,0.3191,0.2321,0.2321,0.2611,0.9863,0.5511,1.0153,1.0733,1.3053,0.6672,1.1603,1.0153,2.0305,1.9725,0.8992,18.0426,13.1113,13.4594,11.0228,10.2396,0.6962,2.1465,2.1175,4.7282,4.2061,4.2061,2.9297,4.2061,2.0305,2.8717,2.9297,2.4946,12.7922,5.9465,6.7877,7.977,4.9893,1.0443,0.174,0.087,1.1893,1.3343,1.2763,0.5801,1.2763,1.3053,0.9282,1.9725,1.4504,10.3556,4.5832,6.7587,7.3099,4.061,1.5084,0.0,0.0,0.0,0.029,0.058,9.8335,7.4259,3.6839,7.0198,5.7435,0.145,5.8885,12.3571,9.0503,6.4977,6.4977,0.145,0.116,0.145,0.4641,0.4641,0.2321,0.2031,0.2901,0.3191,0.2031,0.4931,0.3191,2.5236,1.0153,2.0305,1.4794,0.8122,0.4061
MN0501,Midtown South-Flatiron-Union Square,33214,Lowest,0.0,0.0,0.1505,2.1075,1.1742,1.9269,1.2344,1.8366,2.1979,2.1979,1.3247,1.2344,1.686,1.8968,6.8646,11.0797,7.4667,0.7527,1.0237,0.7828,0.1204,0.0,0.0602,0.7828,0.843,0.843,0.1204,1.1441,1.0538,1.1441,1.2344,1.2645,1.3549,1.0538,1.1742,1.0538,1.0237,0.5118,0.8129,0.3312,0.4817,0.2108,0.1505,0.1204,0.6624,0.7828,0.7226,1.0839,1.686,2.0172,1.8065,1.8065,1.5656,1.5656,1.1742,0.9333,1.0237,0.7226,0.4817,0.2108,0.2108,1.4452,0.9936,1.1441,1.1742,1.0237,4.1248,6.413,7.5269,6.1119,5.7807,4.4258,17.2518,12.1937,8.6409,11.17,6.142,0.5419,3.7033,1.8065,3.4624,4.0043,3.8538,5.9613,11.17,6.8044,8.9721,7.1054,6.714,12.7055,7.8581,6.1721,12.1033,6.2022,1.8968,0.7527,0.271,0.4817,1.8065,1.4753,2.0172,2.8301,3.1011,2.8903,3.1011,4.0043,7.7678,7.1657,7.7678,14.2109,8.942,3.1613,0.0,0.1806,0.0,0.0602,0.0301,6.6237,4.4861,2.4989,3.3119,3.1914,0.0,2.9506,6.8646,3.4323,2.6194,2.5592,0.0903,0.5118,0.271,0.572,1.2344,1.1441,1.2946,2.2581,1.385,2.3484,1.686,2.3183,4.0344,2.3183,2.9807,4.8474,2.4688,1.114
MN0502,Midtown-Times Square,25575,Lowest,0.0,0.0,0.3519,3.5973,1.9159,2.8543,2.5024,2.7761,3.1672,4.7312,2.1114,2.346,3.3236,3.0108,15.2102,30.694,10.9873,1.4467,1.8768,0.9384,0.1564,0.0,0.4301,1.0166,1.3685,1.7986,0.391,0.6647,0.6256,0.5865,0.5865,0.5083,0.5083,0.8211,0.8211,0.782,0.7429,0.7429,0.391,0.3519,0.2346,0.1955,0.2346,0.0,0.4692,1.0166,0.6256,0.5865,1.2121,1.2512,1.6422,1.0557,0.8993,0.5083,0.9384,0.4692,0.2346,0.3128,0.1955,0.0391,0.0391,1.2121,1.173,1.564,3.3236,2.8543,4.9267,7.2727,7.1945,8.6804,10.2835,6.217,17.7908,18.1818,14.1935,11.0655,10.7527,1.0557,3.9101,2.5806,5.7087,9.5406,7.9374,8.1329,9.8534,8.9932,9.1105,12.0039,5.4741,8.0547,8.9541,12.6295,11.5347,6.7253,2.6588,0.6647,0.3128,1.5249,1.173,2.0332,3.8319,2.7761,3.4018,3.1281,5.6305,3.48,6.999,9.4624,9.8534,10.088,6.8817,2.0723,0.0,0.0391,0.0391,0.0,0.0391,10.1271,7.4291,4.1838,5.7869,4.6921,0.0,3.9492,10.7527,5.435,4.7312,4.653,0.0,0.391,0.391,0.9775,1.1339,1.4076,2.5415,2.1114,1.4076,1.7204,2.5806,0.8602,2.4633,2.0723,2.737,2.9326,1.8377,0.7038
BK1403,Midwood,52891,High,0.0,0.0,0.0756,0.1702,0.1134,0.0945,0.0378,0.0945,0.0189,0.1134,0.0567,0.0756,0.1702,0.1702,0.3214,0.3025,0.2458,1.1344,1.4747,1.0966,0.2269,0.0189,0.2458,1.3235,1.2668,1.4558,0.3025,2.4012,2.7037,2.2499,2.8738,2.4957,2.231,1.4747,1.5125,1.7016,1.7772,1.21,1.418,1.0399,0.5105,0.3592,0.1891,0.0378,0.9264,1.0021,0.4727,0.5672,0.397,1.3802,1.2289,1.1155,1.2857,0.7941,0.5672,0.5483,0.3025,0.0567,0.0567,0.0189,0.0,3.0062,4.859,8.8673,9.529,7.8085,11.363,11.76,12.0058,18.2451,26.6208,13.9154,21.6105,18.7177,20.9677,26.0158,20.684,3.5167,10.5122,14.615,23.2932,25.8267,24.0495,28.8329,25.4108,25.3729,42.2,47.3805,28.1144,32.4819,30.0051,44.034,49.0064,44.9226,9.4156,1.5315,1.9663,5.9746,9.1887,8.1299,9.3589,8.4703,7.1657,11.5899,25.5809,18.2451,19.5496,18.472,30.024,31.7823,34.4293,6.1447,0.0,0.0189,0.0756,0.0189,0.0189,6.9955,3.3087,3.1763,4.8023,4.1406,0.0945,3.7246,8.3568,4.1973,3.6301,4.1217,0.0945,0.8319,1.0588,1.9096,2.9116,2.4579,2.7037,2.4579,2.9684,4.878,6.4283,3.8948,4.9347,3.7814,6.2203,6.6741,7.8841,1.6449
MN0901,Morningside Heights,38865,Intermediate,0.0,0.0,0.0257,0.2316,0.1801,0.1544,0.1801,0.1029,0.0257,0.2316,0.1287,0.1287,0.1287,0.1801,0.3602,0.7719,0.3345,0.7204,0.8748,0.5403,0.1287,0.0,0.2573,0.5918,0.283,0.4117,0.283,0.1029,0.1029,0.2058,0.0772,0.1801,0.1287,0.3602,0.4117,0.3345,0.4374,0.2316,0.3345,0.1287,0.0515,0.0257,0.0,0.0,0.0,0.0,0.0,0.0,0.2573,0.0772,0.2573,0.1287,0.669,0.386,0.4117,0.4889,0.386,0.3088,0.2058,0.1029,0.0,0.9263,1.1064,1.4923,2.6245,3.6279,6.1495,6.0208,9.6231,10.7552,10.7809,3.911,14.4346,8.9541,9.8804,10.6008,8.2079,1.8526,2.9847,3.525,5.3261,7.7705,13.8685,15.8755,16.7246,14.0229,21.4074,24.6237,9.8289,15.5152,13.7399,20.8156,22.2823,24.2635,6.201,0.5146,0.7204,2.2128,4.9144,7.8219,7.3331,4.0396,6.6126,6.2524,11.1411,5.9179,7.1787,7.3073,10.9867,14.1001,14.8205,6.6126,0.0,0.0,0.0,0.0257,0.1029,4.2455,1.4409,0.8748,1.2608,1.2865,0.1029,0.7719,2.7788,2.0584,1.0549,2.0069,0.0772,0.2316,0.386,0.9263,1.7496,3.0362,3.1133,2.4186,2.0841,3.4221,3.9882,1.6982,2.6245,1.7496,3.2677,4.5285,5.3776,2.7274
BX1102,Morris Park,25077,Low,0.0,0.0,0.0,0.1994,0.1994,0.0399,0.4386,0.1595,0.1595,0.2393,0.1196,0.2791,0.1994,0.3589,0.8773,1.0767,0.3589,1.7147,1.7147,1.2761,0.2393,0.0,0.3589,1.1564,1.4356,1.1564,0.2393,0.4386,0.2393,0.0798,0.3589,0.3589,0.4785,0.638,0.4785,0.319,0.3589,0.319,0.2393,0.0798,0.0399,0.0,0.0,0.0,0.9172,0.3589,0.0798,0.6779,0.3988,0.5184,0.4785,0.9571,0.3589,0.4785,0.3589,0.1595,0.3988,0.319,0.2791,0.0399,0.0399,1.5552,3.1902,2.6718,2.5123,4.1871,8.2546,6.2607,5.8619,6.4202,8.7331,3.9478,23.4877,22.8895,24.5245,23.1686,17.9447,3.1503,6.1012,7.0184,9.092,7.4172,13.7177,11.9632,16.0705,11.5644,15.2331,13.4785,9.092,15.3128,15.6717,22.3711,28.0337,15.0337,3.4693,0.8773,0.7577,1.635,2.7515,3.2301,4.227,6.1411,2.8712,3.8282,7.6963,4.6258,9.0122,13.2791,14.0766,18.7822,11.5245,3.5491,0.0798,0.0,0.0,0.1595,0.1196,16.9079,9.73,6.9785,10.0092,9.1319,0.0399,9.9693,26.0398,11.4448,9.4509,9.8497,0.1196,0.5583,0.6779,0.7975,0.7577,1.635,1.2761,2.7116,0.9571,0.9571,2.5123,0.8374,2.1534,2.9509,2.8313,3.7485,3.0307,1.0767
BX0301,Morrisania,37607,Highest,0.0,0.0,0.2925,0.2393,0.1595,0.2393,0.2393,0.0798,0.1595,0.2925,0.1861,0.0798,0.2127,0.2127,0.2393,0.5584,0.3191,6.4084,7.2859,6.0361,1.2498,0.0,0.4255,3.2175,3.6961,6.4882,1.3029,0.5584,0.2925,0.3457,0.3723,0.1064,0.2127,0.4255,0.4255,0.5318,0.5052,0.1861,0.4786,0.2393,0.2127,0.0798,0.0798,0.0,1.0636,0.5584,1.1434,0.9573,1.2498,1.9145,1.3827,0.9573,1.0636,0.718,1.6486,2.0475,0.6382,0.6116,0.4255,0.2659,0.0,6.9668,7.1263,12.6838,14.9174,18.5338,25.5803,23.4531,32.228,32.6269,39.0087,22.3097,43.795,47.1721,46.0287,62.9138,52.8891,11.3543,23.1074,24.7028,38.5301,50.4427,63.552,62.967,70.8379,81.7135,90.0098,83.5483,45.7362,72.9651,84.346,97.8009,140.0005,129.7897,30.8453,4.0684,5.1586,13.1093,20.1292,26.9631,26.0856,26.8301,25.9526,26.4578,55.6279,35.7114,48.2889,60.1484,73.2045,102.2682,96.9766,29.0637,0.0,0.133,0.9307,0.5052,0.6382,14.1995,7.2061,6.5679,8.7218,8.7218,0.2393,7.9241,15.5822,8.3761,7.3922,8.0304,0.452,2.4729,2.6325,6.0893,8.642,11.115,10.264,10.53,11.115,12.604,12.6572,6.9668,12.6838,14.3058,17.284,24.756,25.1017,10.2375
BX0101,Mott Haven-Port Morris,57718,Highest,0.0,0.0,0.1213,0.2252,0.2426,0.4331,0.3465,0.2772,0.2426,0.3465,0.2772,0.1906,0.2772,0.5024,0.7797,0.9009,0.2426,3.6557,4.1235,3.3612,0.5717,0.0,0.6757,2.8068,2.98,3.5171,0.9702,0.1733,0.3812,0.3119,0.2426,0.2772,0.1906,0.104,0.2426,0.5544,0.3465,0.2599,0.1906,0.3812,0.2426,0.2079,0.0693,0.0173,0.3985,0.3119,0.693,0.8316,0.849,1.1781,1.4034,1.7672,1.6806,1.6459,1.4034,1.2301,0.797,0.4505,0.0693,0.0173,0.0,3.6904,5.7001,9.3558,13.0462,11.7814,19.1795,15.4025,15.5064,21.5531,20.0804,14.4496,33.1093,31.7232,28.3794,42.0839,38.1683,8.8361,14.5362,18.677,30.2332,43.3314,41.1483,37.9431,49.0835,43.5739,50.4522,39.3811,33.3345,47.6974,52.5486,54.7836,84.549,87.6156,19.0928,2.8934,3.2399,10.2568,15.0733,16.0089,15.8703,18.7117,15.6277,17.3776,28.414,27.5651,30.8569,39.4504,44.8387,66.1146,73.3047,18.3478,0.0,0.0347,0.1733,0.3292,0.2079,8.7841,4.1928,4.4873,5.7868,4.7645,0.5544,4.6086,10.8458,5.8561,5.0418,4.6952,0.1559,1.2821,2.0791,4.1755,6.2372,6.7223,6.2199,8.5935,5.908,7.6752,7.5366,7.0862,8.6282,10.2394,10.3261,14.9867,19.5779,6.2372
BX0403,Mount Eden-Claremont (West),49651,Highest,0.0,0.0,0.1813,0.282,0.5438,0.3222,0.2014,0.2417,0.1813,0.2014,0.2215,0.282,0.1611,0.4632,0.5841,0.8258,0.2014,5.8206,5.5185,5.1963,1.007,0.0403,0.7251,3.4239,4.4309,5.438,1.3897,0.1208,0.1813,0.5841,0.2014,0.0403,0.0403,0.0604,0.1813,0.1813,0.3222,0.3424,0.3827,0.2215,0.0604,0.0201,0.0403,0.0,0.3625,0.5237,0.7653,0.3021,0.1208,0.5438,0.4431,0.4632,0.282,0.2215,0.4834,0.3625,0.3827,0.4632,0.2014,0.1208,0.0201,7.9152,14.5012,28.1163,29.6268,33.8362,34.8835,33.957,45.6386,41.3083,42.6578,24.0277,48.0554,49.2236,49.707,69.4447,55.6484,14.0178,24.0881,39.0929,77.8635,87.0275,101.0252,88.1553,102.9587,120.9845,131.1555,96.7352,56.2526,98.2256,100.4209,122.5554,152.2829,150.5307,38.4282,5.7401,7.6937,20.4628,31.9832,34.3598,26.8071,27.9954,33.2722,32.0235,65.6583,48.0353,64.3492,73.07,94.0162,113.5123,105.4158,36.2329,0.0604,0.0201,0.2215,0.3424,0.2618,4.9143,3.0412,2.5377,3.1822,4.6323,0.5035,2.9808,6.2436,3.4843,3.2225,3.444,0.3222,2.6988,5.3977,10.1911,12.0843,13.8769,10.0703,10.312,11.6815,14.8637,13.4136,8.3181,11.9232,14.2998,19.6572,25.0952,24.5916,10.8155
BX0502,Mount Hope,49099,Highest,0.0,0.0,0.2037,0.224,0.224,0.2648,0.2444,0.2851,0.1426,0.1629,0.0611,0.1222,0.0815,0.5499,0.4888,0.5906,0.224,6.8433,5.051,4.5622,0.7943,0.0,0.7739,3.4217,3.9512,5.9472,1.385,0.1222,0.1833,0.2444,0.2648,0.3462,0.2444,0.2444,0.1222,0.2037,0.2037,0.4481,0.224,0.2648,0.0815,0.0815,0.0,0.0407,0.1426,0.0611,0.224,0.3666,0.387,0.611,0.6721,0.611,1.1202,0.8961,1.385,1.3035,0.998,0.4684,0.5092,0.1629,0.0407,9.6336,17.3527,26.2531,40.7137,40.6526,43.5243,40.8766,59.655,55.4797,60.1438,31.9355,45.4592,46.7627,48.4531,78.026,56.1926,13.8088,30.4283,46.2128,69.8996,117.1511,135.9294,124.1166,145.8075,163.486,157.6611,131.1839,66.9056,93.9734,102.9756,124.9313,180.8183,173.0178,46.4775,4.8473,9.2874,21.3446,40.7748,43.4836,44.115,43.4428,47.9439,51.4063,89.8593,56.9258,58.1071,73.199,102.8331,147.559,130.797,41.3654,0.0815,0.1833,0.0815,0.2444,0.4684,6.2323,3.8697,3.1976,4.0327,3.442,0.5295,3.605,8.4116,4.6844,5.051,4.0327,0.5295,2.5866,5.1936,9.9798,17.8415,16.4158,14.4402,15.8659,16.6195,21.0595,16.8435,9.4707,11.0186,13.0553,20.9984,30.1839,27.9843,10.7334
QN0704,Murray Hill-Broadway Flushing,57387,High,0.0,0.0,0.0697,0.6273,0.3311,0.5228,0.2614,0.7667,0.4356,0.4356,0.1568,0.3311,0.3485,0.575,1.0281,1.4986,0.5228,0.8016,1.063,0.941,0.122,0.0,0.3137,0.5053,0.9236,0.7493,0.2962,1.9168,1.6554,1.0804,1.516,2.4047,2.1085,2.1956,2.0562,2.2653,1.6903,1.1501,1.0281,0.4879,0.3137,0.0871,0.0349,0.0174,1.76,1.5857,0.5053,1.2895,1.882,2.6661,2.213,1.4812,0.9061,0.7319,0.7667,0.819,0.4356,0.2614,0.2091,0.1046,0.0,0.941,0.5053,0.7493,1.516,1.5683,2.3873,3.3109,3.3806,3.6942,4.1996,2.9798,10.6122,11.2918,9.8803,11.7448,12.0411,1.7948,3.7465,3.9556,7.127,7.1096,6.4475,7.0051,12.1805,9.5318,11.6054,8.4165,5.2799,9.7409,12.4593,9.1833,20.1614,27.027,4.4435,0.3659,0.2091,1.0281,1.4463,1.7948,1.6729,2.9275,2.8055,3.2063,4.4087,4.5829,8.068,9.4621,9.9848,16.2755,18.1051,4.1821,0.0,0.0,0.0174,0.0349,0.0349,5.5413,3.276,2.0911,3.8859,3.1366,0.0871,2.9275,7.8589,5.2451,3.6768,4.0602,0.0697,0.4008,0.4008,0.697,0.7319,0.6099,0.575,0.9236,1.0978,1.2198,0.819,1.0455,2.1433,1.882,1.5683,3.398,4.4435,1.2895
MN0603,Murray Hill-Kips Bay,63520,Lowest,0.0,0.0,0.063,0.5195,0.4723,0.6927,0.4093,0.4251,0.614,0.488,0.2834,0.3306,0.4408,0.5353,1.5428,2.0938,0.5353,0.8659,0.6612,0.677,0.1574,0.0,0.2519,0.9131,0.6612,0.8501,0.1889,0.4408,0.551,0.551,0.5353,0.677,0.4723,0.8659,0.8501,0.8659,0.677,0.2991,0.2519,0.2047,0.1574,0.0157,0.0787,0.0315,0.1732,0.063,0.0315,0.2047,0.2519,0.3778,0.4565,0.2361,0.2676,0.3463,0.1732,0.3306,0.2361,0.0787,0.1417,0.0315,0.0,0.9603,1.8105,1.4169,2.4244,1.5901,4.2191,5.2582,6.7065,8.7531,4.9276,4.2191,11.398,10.9572,7.7456,5.6832,6.5491,1.228,2.9597,4.7387,4.5025,6.6278,5.148,6.4074,7.2733,9.068,10.6423,7.2261,6.0611,6.6751,6.4232,8.4068,7.1946,6.9427,2.9754,0.4565,0.9761,1.4326,2.944,2.3457,2.9597,2.7393,3.0856,3.983,3.4477,3.369,3.9987,6.1241,8.3123,7.8873,5.7462,3.1014,0.0,0.0,0.0472,0.063,0.0472,5.5258,4.2664,2.3457,3.2116,3.0542,0.0945,2.5976,6.25,3.0227,2.6763,2.8023,0.0315,0.3463,0.7399,0.7714,1.7475,1.3224,2.1253,1.9207,1.4484,2.3457,1.4011,0.8659,1.4798,1.9049,2.3929,2.4717,1.3382,0.8501
SI0202,New Dorp-Midland Beach,29083,Lowest,0.0,0.0,0.1032,0.3095,0.1375,0.2407,0.3095,0.3438,0.2407,0.4126,0.1375,0.2063,0.2063,0.3782,0.7908,1.6161,0.5158,0.4126,0.4814,0.4126,0.0688,0.0344,0.447,0.894,0.9284,0.6533,0.2751,2.235,1.9943,2.3038,1.8911,2.0287,1.4441,3.1634,3.6791,2.4757,2.7164,2.5444,2.0631,1.2378,0.7908,0.9628,0.5501,0.1032,4.023,4.0917,4.1605,3.0602,7.1519,9.4901,8.4585,14.0976,9.6964,5.639,2.8883,2.5444,1.0315,0.6533,0.3782,0.5501,0.0,0.4814,0.3782,0.5845,0.6877,1.0659,1.1003,0.5845,0.5501,0.5845,0.9971,0.1375,1.9599,3.0258,1.9599,2.1662,2.5101,0.447,2.7851,3.0258,2.8195,5.6046,4.1949,2.1662,1.6848,1.4098,1.8911,1.788,0.9284,1.8911,3.5416,3.9542,3.8854,5.8453,0.9971,0.3095,0.2407,1.3754,2.6476,2.4757,1.2722,0.7908,0.9284,0.5845,0.6877,0.8596,0.6189,2.0287,1.2035,1.7536,2.2694,0.5845,0.0,0.0,0.0344,0.0,0.0,2.0287,1.0659,0.8596,4.8826,4.2637,0.1719,4.2637,9.7995,4.1261,4.47,4.9513,0.1032,0.0344,0.0,0.0,0.0344,0.3095,0.1719,0.0344,0.0688,0.0344,0.0,0.0688,0.0,0.3095,0.1375,0.0688,0.1032,0.0344
SI0204,New Springville-Willowbrook-Bulls Head-Travis,42871,Lowest,0.0,0.0,0.0933,0.1866,0.07,0.2099,0.1633,0.1166,0.0,0.1633,0.0467,0.14,0.0467,0.2566,0.6065,0.7464,0.1633,0.6065,0.4665,0.3032,0.0,0.0233,0.1866,0.4432,0.7698,0.5365,0.2566,0.2099,0.14,0.3732,0.3732,0.2333,0.2333,0.1633,0.3499,0.3266,0.3499,0.4199,0.3266,0.0933,0.0467,0.0233,0.0467,0.07,0.7464,3.2656,2.1693,7.8841,7.1377,4.2686,3.5455,2.8224,1.4929,1.6795,0.7931,0.4898,0.5831,0.3732,0.14,0.0467,0.0,0.3732,0.3266,0.3965,0.7231,0.8164,0.8164,0.3965,0.9797,1.4229,1.1896,0.3032,3.3123,3.7555,2.9857,3.5455,3.4289,0.7231,2.5658,2.5425,2.4259,3.009,2.6358,1.9594,1.4229,2.6358,2.5425,2.1226,1.5162,2.7291,2.146,4.1753,4.0354,4.1287,0.6998,0.0933,0.2799,0.3032,0.3032,0.8864,0.6531,0.3266,0.6998,0.3266,0.6298,0.7931,0.5831,1.3062,1.1896,1.9127,1.2829,0.5598,0.0,0.0233,0.0467,0.0233,0.0467,4.1986,1.2363,0.7698,5.155,4.6885,0.2333,4.5252,9.6102,4.6185,4.7585,5.3416,0.07,0.0233,0.1166,0.0,0.0467,0.07,0.14,0.0,0.2333,0.1633,0.14,0.1166,0.07,0.0933,0.14,0.1866,0.2099,0.0933
QN0303,North Corona,43434,High,0.0,0.0,0.1842,0.3914,0.2302,0.3454,0.2993,0.4374,0.2072,0.4374,0.2302,0.2302,0.2533,0.6677,1.0361,1.4044,0.6216,1.1972,0.944,0.8519,0.0691,0.0,0.1151,0.3914,0.944,1.0821,0.3454,0.8519,0.7368,0.8979,0.7598,0.6216,0.8288,0.967,0.7598,0.7598,0.7598,0.7137,0.6216,0.3223,0.0921,0.0691,0.0691,0.0,3.1772,1.7728,1.7268,1.2433,1.7958,2.2333,1.7958,2.0491,1.934,2.2103,1.3123,1.1512,0.8288,0.2072,0.2993,0.0921,0.046,0.944,1.8649,2.3714,3.3384,3.7989,4.904,2.7168,4.2363,7.4596,6.6077,4.9731,29.9074,27.2367,26.546,26.0395,22.8853,1.8879,7.0221,6.6538,8.9561,8.6338,12.0873,13.2155,11.6038,14.758,17.3136,12.1103,7.2984,13.5378,12.3866,9.9691,15.4948,13.6529,3.6377,1.4735,1.4965,2.5786,4.7198,6.2624,5.6638,3.6377,3.5456,5.2493,9.854,6.838,10.1533,10.4296,10.1303,12.1334,10.775,3.5456,0.0,0.0,0.0691,0.0691,0.023,23.4609,14.8501,10.1994,15.2876,13.1234,0.1842,13.791,28.0195,16.8762,11.3045,11.8571,0.046,0.6447,0.6216,1.1512,1.2202,2.2793,1.4505,1.6807,1.8649,2.0721,2.1872,1.2893,2.3484,2.4175,2.1872,2.8549,2.7628,0.6677
BX0703,Norwood,43466,Highest,0.0,0.0,0.2301,0.2991,0.161,0.2301,0.1841,0.138,0.069,0.115,0.092,0.2301,0.046,0.3221,0.4371,0.4831,0.092,5.5906,4.7623,3.8881,0.8282,0.0,0.9893,2.9218,3.3129,5.1995,1.1733,0.1841,0.161,0.1841,0.115,0.092,0.092,0.115,0.161,0.092,0.2531,0.069,0.2761,0.092,0.046,0.046,0.023,0.0,0.3221,0.2991,0.161,0.161,0.2761,0.2531,0.6672,0.4601,0.3681,0.3681,0.2531,0.6902,0.3451,0.3451,0.2761,0.092,0.0,6.948,15.4604,21.6491,20.4298,25.6292,31.2658,25.9973,29.4483,34.6478,37.7536,20.7519,39.8242,37.3855,41.2506,58.2984,43.5973,10.3989,28.0219,40.9976,69.0885,62.6697,75.9904,76.3815,80.2926,72.1714,88.1609,84.8479,45.2538,79.2574,80.2236,98.5828,123.5678,100.1012,24.3409,5.1304,7.7992,16.4036,23.6277,26.3884,24.847,23.5817,23.7887,26.6415,50.9824,33.7505,55.9058,56.849,76.9107,96.0521,77.969,20.8669,0.1841,0.161,0.069,0.7592,0.2071,5.0384,2.8758,2.2316,3.8191,3.3589,0.138,2.8068,7.017,3.1289,2.5077,3.704,0.2531,2.4157,4.2102,6.8559,8.6044,9.7778,7.8682,8.4664,7.9142,9.1566,11.1812,6.5568,10.1459,9.8238,13.7809,19.6245,17.2089,5.4525
QN1104,Oakland Gardens-Hollis Hills,25249,Low,0.0,0.0,0.0396,0.1188,0.0792,0.2376,0.1188,0.0792,0.1584,0.0792,0.0396,0.1584,0.0792,0.1584,0.2772,0.4753,0.1584,0.4753,0.5149,0.4753,0.0396,0.0,0.0396,0.1188,0.5149,0.4357,0.3564,3.6437,4.2774,3.8417,4.3962,4.119,3.5645,3.4061,5.0299,4.0002,3.3665,1.7822,2.1387,0.5941,0.1584,0.2772,0.0792,0.0,4.0398,2.1387,1.6634,2.2575,2.0991,1.7822,0.9901,3.01,2.0991,1.6238,1.4258,1.703,0.8317,0.4357,0.0792,0.0,0.0,0.3168,0.2772,0.6733,0.8317,0.2772,0.5149,0.3961,0.6733,1.2278,0.7129,0.5941,8.5152,7.8023,5.7428,3.4853,7.9211,0.0396,1.7426,1.5842,1.6634,2.0991,3.1684,0.7525,1.6238,1.505,2.4951,1.5446,0.7921,2.9704,3.3665,2.1783,6.02,4.2774,0.3168,0.1188,0.1188,0.1584,0.3564,0.5545,0.0792,0.2376,0.2376,0.4357,0.5545,0.5545,1.2674,1.5842,2.2971,3.7625,4.119,0.4753,0.0,0.0,0.0,0.0,0.0,6.931,0.3564,2.4555,2.0991,2.2971,0.0,1.0693,5.4656,1.5446,1.5446,2.0991,0.0,0.0792,0.1584,0.1188,0.0792,0.198,0.0,0.1584,0.1188,0.0792,0.1188,0.0792,0.0792,0.2772,0.0,0.2772,0.6337,0.0
SI0301,Oakwood-Richmondtown,22388,Lowest,0.0,0.0,0.0447,0.0,0.0,0.0447,0.0893,0.0,0.0,0.0,0.0,0.0447,0.0,0.134,0.2233,0.0893,0.1787,0.938,1.6973,0.67,0.134,0.0,0.804,1.1613,0.536,1.1613,0.6253,1.8313,1.6973,2.1887,2.01,2.3227,1.8313,1.5633,2.0547,1.2507,1.3847,0.8487,0.9827,0.4467,0.3127,0.1787,0.2233,0.0447,1.8313,0.8933,2.144,1.9207,0.4467,1.474,1.4293,1.9653,4.9133,2.6353,1.206,1.34,0.5807,0.268,0.1787,0.4467,0.0,0.3573,0.536,0.6253,1.34,1.3847,0.938,1.6973,1.9207,1.2953,1.9653,0.804,1.5187,3.618,2.7693,3.1713,4.9133,1.1613,3.4393,3.7073,3.4393,5.5387,6.2534,3.7967,3.1267,4.154,3.5733,2.68,2.3227,2.144,5.5833,8.3527,10.4074,12.06,4.0647,0.2233,0.1787,0.4467,0.938,2.3673,0.8933,0.67,1.072,0.4913,0.9827,1.6973,1.206,3.2607,3.752,6.3874,5.8067,2.6353,0.0,0.0447,0.0,0.0447,0.0,0.4913,0.268,0.536,2.01,2.01,0.1787,1.9653,5.762,2.68,2.412,3.2607,0.0893,0.0,0.0447,0.0,0.4467,0.4913,0.0893,0.0447,0.134,0.3127,0.0893,0.1787,0.134,0.3127,0.402,0.536,0.804,0.268
BK1601,Ocean Hill,37952,High,0.0,0.0,0.3425,0.1844,0.1844,0.3952,0.3162,0.1844,0.1581,0.1317,0.1054,0.3952,0.1317,0.3689,0.606,0.5797,0.2898,5.2171,5.1117,4.9009,0.7378,0.0,1.3965,2.8457,3.32,3.7152,1.0013,0.6851,0.6324,0.4743,0.606,0.7641,1.0276,1.1857,1.054,1.3965,1.2648,1.133,1.0276,0.3425,0.079,0.1054,0.0527,0.0,1.1594,0.9749,1.7654,1.0013,1.8444,4.5057,4.5584,3.4254,3.8206,3.4254,2.793,2.872,2.266,0.9222,0.9222,0.4216,0.2898,9.8546,13.2799,16.2837,17.364,15.4669,24.1884,19.1821,31.6452,35.4659,34.6227,31.0129,65.4511,59.2064,64.1863,59.0219,54.121,7.1933,51.5124,61.3406,67.0057,67.9543,69.5352,66.8212,65.8727,69.8514,75.3583,78.4148,60.5765,69.8514,63.9755,83.105,88.4275,83.4739,22.95,10.4606,14.3339,29.8272,38.7068,40.2877,30.0379,26.0592,32.3303,31.329,39.3919,37.1522,47.481,48.8248,54.9378,59.2064,63.027,19.7091,0.2108,0.5797,0.7378,1.0276,0.9222,35.3341,17.1796,16.9161,23.3189,21.8434,0.7114,20.8421,44.8461,21.6589,21.5008,20.4732,0.4216,4.7692,6.5609,9.4593,11.4355,14.1231,11.6726,11.172,14.2022,15.1771,13.9914,9.1958,13.2272,13.2009,14.8082,16.6526,20.8948,5.8231
QN0102,Old Astoria-Hallets Point,18927,High,0.0,0.0,0.0,0.4227,0.4227,0.317,0.317,0.2113,0.1057,0.2113,0.2113,0.1585,0.317,0.4227,0.5283,1.0039,0.2642,1.1624,1.4265,1.3737,0.3698,0.0,0.2642,0.951,1.9549,2.0605,0.634,0.2642,0.7925,0.8982,0.4755,0.951,1.3209,0.7925,0.8454,1.4265,0.7925,1.1095,0.951,0.5283,0.4755,0.1057,0.2642,0.0,1.4265,2.7474,2.0605,3.0116,2.4304,6.0231,4.8608,3.7513,4.3324,4.9136,5.3363,5.6005,6.1816,3.9098,1.4265,1.0039,0.2113,1.6379,1.9549,2.4304,4.2796,2.1134,3.8569,3.1701,7.027,8.1365,11.0424,5.125,26.7871,27.9495,32.7046,30.8554,30.4855,2.1134,7.1855,6.7628,7.3968,12.0463,8.6649,12.0463,9.2989,10.9368,16.5901,15.4805,6.5515,8.8762,15.1635,20.5526,23.7227,21.398,6.9213,1.1624,1.0567,1.7435,3.8041,3.1172,5.4948,2.0605,3.1172,5.3363,10.8839,7.5025,7.3968,12.5218,18.0694,19.6016,20.1828,8.6649,0.0,0.0,0.1585,0.0528,0.1057,18.5449,10.5669,7.978,11.3594,10.0914,0.0528,9.8801,23.7756,12.9973,10.4084,10.6197,0.2113,0.4227,0.951,0.6868,0.951,1.268,1.902,0.317,1.5322,2.2191,2.5361,2.3776,2.4304,4.1739,4.8079,4.3853,4.1211,3.2757
QN1002,Ozone Park,23518,Intermediate,0.0,0.0425,0.1276,0.2126,0.2976,0.1701,0.1276,0.085,0.2126,0.2126,0.0425,0.1276,0.1276,0.2976,0.978,1.063,0.2126,1.1055,0.8929,2.0835,0.2976,0.0,0.1701,0.1701,0.6378,1.3181,0.5102,0.4677,0.5102,0.4252,0.3827,0.2976,0.5528,0.8079,0.3402,0.3402,0.6803,0.8929,0.4252,0.1276,0.1701,0.085,0.1276,0.0,1.9559,0.6378,0.2976,4.3371,3.019,1.3607,2.041,3.019,2.1686,1.4032,2.2961,1.5307,0.3827,0.3402,0.0,0.0,0.0,0.4252,1.3607,1.4032,0.9355,2.3812,1.4457,1.5733,1.1906,0.8504,3.1465,3.0615,12.8412,14.2869,12.1184,14.7121,15.5625,1.9559,3.4442,5.6552,6.8033,5.6978,7.2285,5.8253,8.4616,4.3796,8.0789,6.5057,4.4221,6.8458,9.5671,6.5907,12.5011,13.0538,2.041,0.3402,0.7654,1.6583,2.0835,3.4442,1.8284,1.9134,0.8079,2.5938,2.2536,2.8914,2.8489,5.9529,5.1025,7.1435,7.8663,1.9985,0.0425,0.0425,0.0,0.1276,0.0425,10.4601,7.8238,5.5702,8.0364,8.4616,0.4252,8.334,16.4555,10.1624,9.6522,8.7592,0.1276,0.1701,0.2551,0.4677,0.4677,0.3827,0.3827,0.2126,0.1701,0.4252,0.5102,0.5528,0.2551,0.3827,0.6378,1.1055,0.8504,0.3827
QN0904,Ozone Park (North),27312,High,0.0,0.0366,0.1831,0.1831,0.3661,0.2197,0.2197,0.1831,0.0732,0.0732,0.0732,0.2197,0.1465,0.3295,0.5858,0.5492,0.2197,1.3913,1.7575,1.7941,0.3661,0.0,0.1831,0.5126,1.1716,1.4646,0.5858,0.8055,0.7689,0.8787,0.8787,0.7689,0.952,1.1716,0.9153,1.0618,1.0984,0.3661,0.3661,0.1831,0.3661,0.0366,0.1098,0.0366,1.2449,1.135,1.2815,0.4028,0.3661,1.5012,0.5126,0.952,0.4394,0.5126,0.476,0.9153,0.7689,0.5492,0.3295,0.2197,0.0,0.8787,0.8421,1.9772,1.7575,1.9405,2.746,1.9039,2.6728,2.8559,6.7736,2.8559,17.4649,20.5038,19.3688,18.6731,14.8286,2.1236,6.1878,7.2862,10.3984,10.5448,10.9842,7.4326,6.0047,8.531,7.1397,15.3412,5.7484,9.7759,15.0849,11.6432,12.3023,7.7988,1.6476,1.5378,1.6842,2.6362,3.7712,5.126,3.2953,1.4646,2.8193,1.8307,7.0665,4.3571,7.9086,9.9956,10.4716,9.8125,5.4555,1.6476,0.0732,0.1831,0.2197,0.1831,0.1831,13.8767,9.8858,6.9566,12.7417,12.3755,0.2197,12.9247,27.7168,15.0849,13.6936,13.2909,0.1831,0.5492,0.2929,0.6224,0.7323,1.2815,1.2815,0.5126,0.3661,0.2563,1.0252,0.6224,1.2449,1.4646,0.9153,1.7575,0.7689,0.2563
BK0602,Park Slope,57405,Lowest,0.0,0.0,0.1916,0.7491,0.5226,0.6794,0.3484,0.4529,0.4007,0.5226,0.1394,0.331,0.6097,0.5574,2.7698,2.2298,0.7316,0.1916,0.3136,0.3832,0.0871,0.0174,0.0871,0.2265,0.4181,0.5052,0.0697,2.5608,2.8221,3.5885,3.3969,3.8324,4.5292,3.7802,3.9544,4.146,4.024,3.2053,2.5259,1.1323,0.662,0.54,0.3484,0.0523,0.9407,0.6271,0.7316,1.1323,1.2891,1.2542,1.411,1.3413,1.0626,0.9233,0.7142,0.5574,0.4878,0.4007,0.331,0.2613,0.0,2.0381,2.9788,3.1879,5.888,2.404,4.9821,6.6545,7.8913,12.3857,10.365,9.041,53.4797,48.5846,44.5432,36.3209,37.1222,1.6897,7.9087,8.9017,8.0307,11.2708,9.1455,10.8701,11.0618,14.5632,18.3608,13.3786,11.985,23.2907,13.2044,16.3923,17.4375,23.3603,3.3621,1.1323,1.4807,2.5782,5.3828,3.5711,4.0589,4.1982,6.3235,6.219,7.5603,7.6823,14.4064,9.9469,14.2496,13.3264,17.8382,4.6686,0.0,0.0,0.0871,0.1045,0.0174,44.8219,18.6569,17.8033,21.688,20.155,0.1568,18.9531,43.2018,23.6042,16.5317,18.1866,0.0348,0.8536,0.7839,1.3065,2.5085,1.7768,2.0033,1.6375,2.8743,3.3447,2.5956,2.5085,4.6337,4.0937,4.5118,4.3724,6.1841,1.7943
BX0904,Parkchester,33602,Highest,0.0,0.0,0.0893,0.1786,0.119,0.1786,0.0893,0.119,0.0298,0.0298,0.0298,0.0298,0.0,0.1786,0.3571,0.3571,0.0298,3.9879,3.4819,3.3629,0.5357,0.0,0.4464,2.1725,2.5891,3.7795,1.1606,0.0595,0.0893,0.0298,0.0,0.0595,0.0595,0.2381,0.1786,0.0595,0.2381,0.0595,0.0,0.0,0.0,0.0,0.0,0.0,0.0,0.0,0.4166,0.2381,0.2381,0.0595,0.2381,0.1786,0.0893,0.0,0.1488,0.2976,0.3571,0.1488,0.0893,0.0,0.0,1.9939,1.3392,1.6666,3.4819,3.5712,7.2317,3.9283,6.1603,8.4816,11.3684,11.8743,20.6535,17.9454,20.1774,19.969,13.5111,4.5533,5.089,5.2675,5.1187,9.1364,14.1956,13.6301,15.4455,14.2849,19.4929,21.4571,20.5047,37.0811,32.8254,38.7477,46.9615,32.8849,7.4103,0.9226,0.8035,0.8333,2.3808,3.3331,3.8391,3.6307,2.976,4.3152,8.928,12.9457,19.1953,16.1598,23.0343,34.492,35.2955,8.6602,0.0298,0.0298,0.0,0.0,0.0,4.6723,1.3094,3.4819,1.8451,1.7261,0.0893,1.6368,3.9581,1.9046,1.6368,3.3034,0.0,0.4464,0.2381,0.5357,1.1904,2.3808,1.6666,1.9939,1.8749,1.9344,1.9642,2.2915,3.601,3.2736,4.4938,5.3866,4.4938,1.6666
BX1003,Pelham Bay-Country Club-City Island,29462,Intermediate,0.0,0.0339,0.0339,0.0679,0.2376,0.2037,0.2037,0.1358,0.1697,0.1697,0.1697,0.1358,0.1018,0.4073,0.6449,1.2219,0.5431,1.7989,1.9347,2.1383,0.3055,0.0,0.4073,1.2898,1.8329,1.5274,0.4752,0.7807,1.9347,0.8825,0.9504,1.188,0.8486,0.8146,0.9504,1.0183,0.7807,0.7807,0.4073,0.7128,0.577,0.3055,0.2715,0.0,1.5613,1.2219,1.2219,0.9843,1.3916,1.8329,1.6971,2.2741,1.8668,1.4256,0.8825,0.6788,0.7128,0.3394,0.3394,0.6449,0.0339,1.9686,1.8329,1.8329,4.8877,5.9399,7.1618,6.0077,7.2297,7.3654,9.7753,5.5326,25.4905,26.4748,30.3781,30.6497,22.7412,4.073,3.3942,4.6161,4.8537,10.4541,14.629,10.5899,11.1669,11.8118,12.4228,12.9659,9.5377,15.8509,22.4357,32.4146,41.1377,29.5974,6.7545,0.4073,0.6449,1.6292,2.6135,4.6161,4.3446,3.9712,3.9033,4.4464,6.5508,6.415,9.6056,16.6995,25.5923,29.7672,19.7882,6.9581,0.0,0.0339,0.0339,0.0679,0.0339,18.2948,10.0808,8.8589,11.71,10.6578,0.2037,9.7414,24.9813,12.5585,10.2166,11.5063,0.1018,0.5091,0.1697,0.7807,0.7128,1.3237,1.154,1.6632,1.2559,1.9008,2.0705,1.3577,2.2402,3.496,5.7362,6.1096,3.8015,1.9347
BX1103,Pelham Gardens,29402,Lowest,0.0,0.0,0.034,0.102,0.068,0.136,0.034,0.1701,0.102,0.102,0.068,0.0,0.0,0.2381,0.2721,0.2381,0.136,1.2924,1.0544,1.3264,0.2041,0.0,0.2721,0.6802,0.7482,0.6122,0.1701,0.8163,0.9523,1.0203,1.1564,0.8503,1.1564,0.6122,0.7142,0.6802,1.2924,1.0544,0.8503,0.3061,0.136,0.136,0.068,0.0,1.1564,1.0203,0.8503,2.2788,0.6462,1.7006,1.6325,1.0203,1.3264,0.6802,1.2924,0.3061,0.5102,0.7142,0.5442,0.5782,0.034,1.3945,1.7006,1.4285,1.4285,2.993,2.4488,2.7549,1.9046,1.0884,2.2107,1.1564,10.7136,12.7882,9.8293,11.7339,11.8359,0.7142,4.9656,6.6322,5.7139,4.1834,8.0947,7.9927,6.9383,5.7819,5.952,5.7139,2.5168,7.5165,12.3121,10.6455,12.4141,10.7816,1.0203,1.0203,0.7482,1.9727,1.9386,1.9727,3.3671,2.6869,2.1087,2.7549,3.061,1.4285,4.0133,7.2444,5.2037,6.9383,6.8023,1.6666,0.102,0.034,0.136,0.102,0.1701,8.8089,5.6119,3.7412,6.5982,6.2241,0.2041,7.2784,16.3254,7.9246,7.1424,7.4145,0.102,0.2381,0.5442,0.7823,0.7823,0.6462,1.4285,0.2381,0.3741,0.6122,0.4421,0.2041,1.2584,1.0544,0.7142,1.1564,0.8163,0.3741
BX1101,Pelham Parkway-Van Nest,32425,Intermediate,0.0,0.0,0.0617,0.2467,0.185,0.2467,0.185,0.3392,0.2159,0.2159,0.185,0.1234,0.1542,0.3701,0.4318,0.3701,0.1234,4.6261,4.5952,3.9476,0.4009,0.0,0.5243,2.0971,3.2382,3.4541,0.6476,0.185,0.4318,0.2159,0.3392,0.2467,0.1542,0.5243,0.3701,0.2467,0.0617,0.3084,0.3084,0.185,0.1234,0.0308,0.0,0.0,0.8327,0.8327,0.1234,0.4626,0.5551,1.1103,0.8019,0.586,0.2776,0.2467,0.185,0.1234,0.0925,0.0925,0.3084,0.3701,0.1542,4.9345,7.5867,10.825,11.4726,18.35,20.5089,16.808,18.7818,21.835,24.4256,15.1426,38.0879,38.643,45.8597,51.4726,40.0925,8.9746,20.1696,27.2012,28.6199,37.7178,59.0902,46.1064,45.983,55.1735,48.8512,42.0971,30.3161,52.6754,54.1866,82.1897,103.5312,70.7479,19.6762,5.1503,4.9653,11.0409,14.4333,23.7163,16.3454,16.7463,16.4688,14.4641,22.2359,19.4603,32.5675,39.5374,65.1041,79.3524,47.0625,19.2136,0.1542,0.0617,0.185,0.1234,0.4009,13.7548,7.5559,6.5073,8.9437,8.3886,0.1234,8.882,20.2005,9.8072,8.3269,8.7895,0.2776,2.2205,2.714,3.3308,5.3971,8.2961,4.4719,4.7494,4.7803,6.1681,4.1943,3.9784,7.0008,7.6793,13.5698,14.8651,10.1157,4.6261
QN0802,Pomonok-Electchester-Hillcrest,35669,Low,0.0,0.0,0.028,0.1682,0.1402,0.0841,0.0841,0.1121,0.0561,0.1402,0.028,0.0561,0.1402,0.1962,0.4486,0.4205,0.2523,0.8691,1.0934,1.1214,0.1962,0.0,0.2804,0.4205,0.9252,1.7943,0.3925,2.5512,1.7662,1.9625,1.6541,2.383,2.8596,2.9157,2.9718,2.383,2.2989,1.9064,1.2616,0.813,0.1402,0.0561,0.0,0.0561,1.2055,1.9625,0.8691,0.7009,1.0373,1.1495,0.9532,1.4018,0.8691,0.9532,0.4766,0.5327,0.3645,0.1962,0.1121,0.028,0.0,0.2523,0.4205,0.3925,0.4205,0.3645,0.785,1.4578,2.0466,1.2896,1.2055,0.8411,9.5882,9.0835,10.0087,9.3358,8.6069,1.0093,1.2055,1.4859,1.9064,1.5139,1.6261,2.0466,3.168,2.7194,4.8501,2.8877,3.2802,4.1212,3.4764,2.8596,7.1771,8.9153,2.6073,0.3364,0.3084,0.5607,0.4205,0.7009,0.8411,1.0373,1.4859,1.0373,1.0093,1.598,1.8784,2.4111,5.8594,3.7007,8.9994,1.57,0.0,0.0,0.0,0.0,0.028,7.2892,4.1493,3.6446,5.1025,4.5698,0.0841,4.2894,10.3732,5.0744,3.1961,4.1773,0.0841,0.0561,0.1962,0.1121,0.1121,0.3084,0.0841,0.3925,0.7009,0.3084,0.1402,0.3645,0.4766,0.3364,0.6729,0.8411,3.3082,0.4766
SI0106,Port Richmond,22609,High,0.0,0.0,0.3096,0.7077,0.2654,0.4865,0.5308,0.3981,0.2654,0.4865,0.1769,0.4865,0.575,0.5308,0.9288,1.4596,0.4423,1.725,1.3711,1.8134,0.0885,0.0,1.3269,1.6807,2.4769,1.9019,0.3981,0.7077,0.3981,0.6635,0.3096,0.3096,0.3981,0.2654,0.3096,0.5308,0.6192,0.3096,0.2654,0.5308,0.0442,0.0442,0.1769,0.0442,1.9461,0.7961,0.8404,2.3,4.4672,4.0692,1.8134,5.5288,2.9192,1.1058,1.2384,0.8404,0.575,0.4865,0.2212,0.1769,0.0,4.9095,3.9365,4.1134,3.3615,5.1749,7.4749,5.1749,6.4576,6.1038,7.7403,2.7423,10.3499,10.7922,9.7749,13.7998,10.1287,1.3269,31.8457,23.7074,21.6728,23.2208,27.1131,29.5458,22.2035,20.5228,19.019,15.3479,9.0672,18.3555,18.0017,24.4151,30.7842,41.2225,7.4307,5.0865,3.3173,4.1576,6.9884,8.8903,7.9172,8.0057,7.4749,7.8287,5.0422,4.7326,9.7749,12.5614,12.2075,15.7902,14.6402,2.0346,0.3538,0.1769,0.3981,0.1327,0.4865,2.698,2.6538,3.2288,9.5979,8.8903,1.0615,9.2883,21.5843,11.0133,10.571,10.7922,0.2212,0.3096,0.4865,0.8846,0.8404,0.7519,0.6635,1.1058,0.6192,0.9731,0.6192,0.5308,0.3981,0.9731,1.9019,1.5923,2.4327,0.2654
BK0801,Prospect Heights,23515,Low,0.0,0.0,0.0851,0.4253,0.3402,0.5103,0.4253,0.6379,0.2552,0.3827,0.2552,0.4253,0.4253,0.893,1.3608,2.9343,0.5103,0.9781,0.7229,0.4253,0.0851,0.0,0.2552,0.4253,0.4253,0.808,0.1701,1.9137,2.3815,3.232,2.6791,2.9768,4.6353,3.6572,4.8054,2.9343,3.1469,2.3389,1.8286,1.2333,1.4034,0.808,0.3827,0.0,1.5735,1.1482,3.0193,2.5516,4.7204,5.3158,3.8273,4.5928,1.9987,2.1688,1.5309,0.9356,0.6379,0.808,0.2977,0.3402,0.0,3.4446,5.6985,7.0168,10.6315,8.4627,12.6728,9.8235,13.4808,21.6032,31.5969,19.4344,50.606,45.0351,42.6111,36.5299,39.3366,5.2307,12.5877,19.1792,21.3906,32.7025,35.084,30.2785,27.9821,30.5337,46.2683,52.6898,39.8894,51.2014,47.289,46.3109,50.3934,47.7568,13.3957,1.9987,2.7217,6.8042,10.5039,10.3338,10.1212,8.4202,10.3338,12.4176,29.9809,20.2424,32.575,29.5131,30.1084,32.8301,39.4642,14.0761,0.0425,0.3827,0.0425,0.2126,0.2552,26.4087,13.7359,13.906,16.2875,14.5014,0.3402,14.0761,33.2979,13.3107,12.5452,12.8003,0.1701,0.9356,1.5735,2.5941,4.125,4.7204,5.1457,3.7848,4.7629,7.3145,10.1637,4.8905,8.3351,7.4421,8.4627,9.1431,10.3764,4.9755
BK0902,Prospect Lefferts Gardens-Wingate,49513,High,0.0,0.0202,0.0808,0.202,0.1818,0.2828,0.1616,0.1212,0.1414,0.2222,0.101,0.2828,0.2828,0.2828,0.7271,0.8079,0.2828,3.4132,2.7266,2.3832,0.6867,0.0606,0.9492,2.1812,2.464,2.262,0.5453,0.4847,0.3837,0.3433,0.2424,0.4039,0.9896,0.7473,1.3936,1.5753,2.0197,1.1108,1.0704,0.4847,0.1616,0.1414,0.0202,0.0404,0.8483,0.5655,1.2118,1.5955,2.3428,3.6556,3.3123,2.666,3.494,2.5448,2.161,1.0502,1.0502,0.6463,0.1616,0.1818,0.0606,7.8161,8.0585,16.4199,24.1957,18.0761,23.307,21.7317,27.8109,37.2024,44.8165,32.3349,53.7233,46.4121,46.5534,46.9574,51.3602,8.7048,24.8218,30.3759,48.9164,80.7465,62.4079,66.5482,66.8511,77.5554,91.3901,88.7646,67.4368,93.9551,79.9184,89.8956,102.054,105.2047,25.7104,5.6349,5.5945,13.754,25.569,20.1361,18.6618,21.1258,22.8425,22.9435,46.3515,40.0299,56.3286,56.6114,62.0645,63.0945,79.5953,21.3075,0.0,0.0202,0.101,0.2222,0.2424,13.4106,6.5841,6.1802,9.1289,8.321,0.3837,7.7353,18.4396,8.3816,8.2807,8.6442,0.3231,1.6965,3.1305,4.9684,9.0683,7.4122,7.6949,7.6748,9.1491,11.9161,12.7239,10.4013,12.4816,12.8855,15.2283,14.885,17.6923,5.3521
QN1303,Queens Village,54345,Low,0.0,0.0,0.2208,0.1288,0.1472,0.092,0.1656,0.1472,0.1288,0.1104,0.1288,0.1656,0.1288,0.1104,0.4048,0.5888,0.1472,1.5273,1.8953,1.6745,0.276,0.0,0.276,0.6624,1.3433,1.3249,0.368,0.7728,0.8464,0.7728,0.7176,0.7176,0.8464,0.5152,1.0121,0.6624,0.6256,0.5336,0.4048,0.2208,0.184,0.0184,0.0184,0.0,0.92,0.1656,1.1961,1.3617,1.1961,0.4232,0.552,1.5457,0.8096,0.5704,0.4968,0.5704,0.3864,0.2024,0.1104,0.0184,0.0,0.4232,0.9568,0.7912,1.9321,1.0305,1.6929,0.6992,1.1777,2.0425,2.0241,1.3801,4.3058,5.3363,5.1523,6.1275,4.1034,0.8832,4.637,7.9492,6.3667,10.0653,7.8572,8.262,4.7474,7.2132,9.5869,5.7779,5.3363,6.3851,7.9676,11.0038,15.1072,10.7462,1.4905,0.9568,1.1041,1.4905,3.257,2.8153,2.7233,1.7297,2.1161,2.6313,2.1897,2.4105,3.3306,4.8211,6.1459,8.5196,6.2931,1.0121,0.1104,0.0552,0.0552,0.1472,0.092,2.0425,1.4169,1.4537,6.0355,5.4651,0.3312,5.9067,11.9974,7.4524,6.7716,6.9372,0.092,0.184,0.4048,0.3128,0.644,0.6256,0.2392,0.2024,0.2392,0.7176,0.276,0.2208,0.368,0.2576,0.6808,0.9937,0.736,0.0368
QN0706,Queensboro Hill,23638,High,0.0,0.0,0.0423,0.2115,0.1269,0.0423,0.1269,0.2538,0.0423,0.1692,0.0423,0.1269,0.1692,0.2115,0.2961,0.5077,0.2115,0.55,0.423,0.6769,0.0846,0.0,0.1269,0.3384,0.4654,0.5923,0.0423,4.6535,4.3151,6.2611,5.1612,6.6418,7.2341,9.2647,10.407,7.2764,7.8687,3.9766,2.3691,0.6346,0.2538,0.0846,0.0423,0.0,2.7498,3.2575,1.7345,1.946,3.1306,1.946,2.0306,1.6499,2.7075,1.3538,0.973,1.0153,0.423,0.2115,0.0,0.0423,0.0,0.0,0.2115,0.0846,0.2538,0.1692,0.6346,0.423,2.0729,2.0729,1.6076,1.9883,9.4763,9.2224,9.0109,6.4303,6.4303,0.3807,1.8614,0.6346,1.2268,1.6499,2.0306,2.0729,2.4537,2.7498,3.3421,2.0306,2.1152,2.7075,4.3997,4.3151,4.8227,3.5959,2.5383,0.5923,0.1269,0.3807,0.7192,0.8884,0.5923,0.973,1.2691,0.9307,1.0153,1.8614,2.1998,3.7228,3.2152,3.1306,2.3691,1.0153,0.0,0.0,0.0423,0.0,0.0423,6.5572,4.3997,2.7498,5.3727,5.5419,0.2115,5.4996,12.4376,8.0802,5.965,6.938,0.0846,0.0423,0.0,0.0846,0.3384,0.2115,0.0,0.1692,0.6769,0.2115,0.1269,0.5077,0.6346,1.0999,0.973,0.3807,0.2115,0.0846
QN0105,Queensbridge-Ravenswood-Dutch Kills,32954,High,0.0,0.0,0.1214,0.2428,0.2124,0.2731,0.3641,0.3945,0.5462,0.4552,0.2124,0.2124,0.2731,0.6373,0.9407,1.7904,0.5766,1.4566,1.5476,1.3048,0.1821,0.0,0.1214,0.4855,1.0317,2.0028,0.4248,0.789,0.7586,0.5766,0.4855,0.4248,0.6979,0.9711,1.1228,1.1531,0.8497,0.5462,0.9104,0.3945,0.2124,0.2124,0.0,0.0303,0.8193,0.6069,1.1228,1.1835,1.5476,4.4304,3.3683,3.4897,2.3669,1.9421,2.458,2.3669,1.1531,1.3959,0.8497,0.3338,0.0303,1.0621,1.4869,2.0028,2.6704,1.6083,3.1256,3.5807,4.309,5.1284,5.8263,3.8539,11.8347,13.8678,13.8678,15.5975,10.985,0.9407,5.1284,5.978,6.4332,6.7974,7.3436,8.9822,10.3781,8.345,11.8043,10.5905,4.9766,6.0994,10.9547,9.0429,16.0223,11.0154,2.2456,1.0317,1.0621,2.2759,4.309,2.0028,3.5807,3.247,2.9738,3.7628,7.7381,4.7946,3.7325,8.1932,9.7409,15.4458,9.9836,3.1559,0.0,0.0,0.0607,0.0607,0.0,8.2843,5.1587,3.4897,5.978,5.0677,0.0303,5.0677,10.1657,5.796,5.098,4.4304,0.1214,0.9407,0.7586,0.6979,1.0621,0.7283,1.1228,1.7297,0.88,1.8511,2.0331,1.4869,1.0924,2.7614,2.7311,3.3987,2.5794,0.789
QN0601,Rego Park,30741,Low,0.0,0.0,0.0651,0.1626,0.1952,0.1626,0.1952,0.2277,0.1626,0.2928,0.1626,0.2602,0.1626,0.3904,0.553,0.8132,0.1952,0.9434,1.1385,0.7482,0.3253,0.0651,0.1301,0.7482,1.3663,1.594,0.2602,1.041,0.9108,0.9108,0.6181,1.1711,1.1711,1.1711,1.4638,1.041,0.9108,1.2036,1.041,0.7482,0.4554,0.1952,0.0976,0.0,1.1711,0.5855,0.4554,0.8783,1.2036,0.9759,1.2036,0.6506,0.6831,0.6831,0.7482,0.4879,0.5855,0.4229,0.2602,0.0651,0.0,0.553,1.106,1.4964,2.1144,1.8542,4.9445,2.7325,4.1964,3.1879,5.465,3.2205,9.4337,9.4337,10.8975,11.8083,10.312,1.6916,2.7976,5.7578,5.4,5.4975,8.3276,9.7264,5.9204,7.3517,8.1975,13.4674,5.7903,8.0674,6.2783,11.3529,20.0059,14.2806,4.0337,0.4554,0.4554,1.3012,0.9759,1.7241,2.0494,1.1385,1.659,1.1385,5.7903,3.8711,5.2048,7.7096,13.4348,19.1275,16.5902,4.2289,0.0,0.0325,0.0325,0.0,0.0325,3.5132,2.7976,1.2361,2.3421,2.6349,0.0325,2.0169,4.7494,2.9602,2.7,2.7,0.0976,0.0325,0.5205,0.6831,0.6831,0.6181,0.7807,0.8458,0.553,0.8783,1.1385,0.9434,0.8783,1.4964,1.6265,4.5867,2.4072,0.6831
QN0902,Richmond Hill,34100,Intermediate,0.0,0.0,0.3226,0.3226,0.3812,0.4985,0.4399,0.2053,0.3519,0.2053,0.2053,0.176,0.2639,0.3812,1.1144,1.2317,0.4985,1.7009,1.2903,1.7009,0.1466,0.0,0.2639,0.5865,1.8182,1.1437,0.4692,0.7625,1.5836,1.6716,0.7331,1.0264,0.6745,0.4106,0.6745,0.9971,1.0557,0.7625,0.6452,0.2639,0.1173,0.0587,0.0293,0.0293,0.8798,0.7625,0.7918,0.088,0.4106,0.2933,0.2933,0.088,0.2639,0.3226,0.2933,0.4985,0.4106,0.176,0.2933,0.0587,0.0293,1.6129,2.4047,2.9912,2.1701,2.6393,3.871,4.5455,5.8651,5.8651,5.7185,4.5748,15.5425,18.4164,16.305,20.3519,16.0411,2.8152,6.9501,12.1701,11.8768,12.4633,13.2551,13.4604,14.6921,14.4868,14.2815,11.2317,8.1818,9.9707,13.9296,16.5396,27.8006,18.4751,7.654,1.1437,2.2581,2.61,4.8974,4.5748,3.6364,5.7185,6.3636,4.956,6.217,5.4252,6.217,12.9032,14.2522,17.4487,13.0205,4.2229,0.0587,0.0587,0.0587,0.088,0.088,11.9648,8.2698,5.7185,10.2639,9.912,0.2933,10.3226,21.3196,12.4633,11.9062,10.8211,0.1173,0.4985,0.6158,0.9971,1.2317,1.2023,1.6422,1.2903,1.8182,1.6422,1.2903,1.0557,0.7918,1.6129,2.0528,3.7243,2.8152,0.8211
QN0502,Ridgewood,66402,Highest,0.0,0.0,0.256,0.4217,0.4819,0.4217,0.4066,0.4066,0.256,0.3313,0.3012,0.3163,0.4217,0.6476,1.1897,1.7018,0.7078,1.9126,1.265,0.8735,0.241,0.0,0.2711,0.5422,1.1445,1.4457,0.4367,1.009,0.9789,0.6928,0.8735,0.7229,0.8283,1.3554,1.1596,1.8373,1.5813,0.6928,0.8283,0.5271,0.2711,0.1958,0.1807,0.0151,0.1205,0.1506,0.3012,0.1807,0.2711,1.1295,1.3403,0.9488,0.6928,0.6175,0.5572,0.3614,0.2711,0.1355,0.0301,0.0301,0.0301,3.1174,3.9155,5.3914,6.1595,6.2649,8.4787,8.569,13.5387,15.4212,19.9843,12.3038,52.4984,51.6551,47.5889,42.4686,35.1495,3.2379,10.3762,14.2014,20.9933,22.9361,22.6047,23.7945,25.2553,23.1168,26.2944,27.4992,17.0176,21.9572,20.8879,22.9511,29.0955,21.8216,7.3793,2.2288,3.4186,5.7378,7.7709,8.2076,8.6744,7.1685,7.9666,9.1262,19.2615,14.1863,20.2102,20.3006,24.2613,24.5023,22.3788,9.4726,0.0452,0.0452,0.0452,0.0,0.1054,38.7639,29.8033,15.4664,20.7524,17.5898,0.2259,17.5748,35.6766,23.1168,15.9483,15.9333,0.241,1.1747,1.3102,2.2891,2.8915,2.9668,2.7409,3.268,3.4638,3.6143,5.5721,3.3583,4.7137,4.3673,5.6022,6.1444,5.7528,3.1626
BX0803,Riverdale-Spuyten Duyvil,47927,Lowest,0.0,0.0,0.0417,0.1878,0.0,0.1043,0.1043,0.0835,0.1043,0.1043,0.0209,0.0626,0.1043,0.1878,0.313,0.7511,0.1878,1.3771,1.1893,1.1476,0.1252,0.0,0.2712,0.9181,0.9389,1.2936,0.1461,0.5634,0.772,0.626,0.6468,0.8137,0.626,0.626,0.772,0.5842,0.5008,0.3756,0.3756,0.2712,0.1878,0.0835,0.1461,0.0209,1.8153,1.1267,0.772,1.2728,1.0433,1.3145,0.9389,0.772,1.0015,1.544,1.1058,0.9181,1.1267,0.459,0.2921,0.0835,0.0417,1.085,1.0224,1.6901,0.9807,2.4203,4.9659,3.1089,3.2341,5.4041,4.6946,2.4412,8.1582,7.3654,8.9928,13.145,12.4982,2.5038,3.5471,3.088,4.1939,3.6097,5.7379,7.115,8.0122,4.2356,8.3043,6.7603,5.1328,10.1822,7.8035,17.8605,23.6401,18.4656,4.8616,0.3338,0.2712,0.6051,0.772,1.2102,2.7333,2.1074,1.6483,2.942,4.6112,2.6707,4.486,5.2371,9.4936,16.6712,15.4401,4.5694,0.0,0.0209,0.0417,0.0,0.0,4.1313,2.3578,1.6066,2.3578,2.0865,0.0835,1.7944,5.2997,2.6081,1.9405,2.3369,0.0417,0.3338,0.2504,0.4382,0.2921,0.7094,1.0224,0.7094,0.6677,1.085,0.9598,0.5842,1.3145,1.3354,2.0865,4.0896,3.4219,0.9807
QN1402,Rockaway Beach-Arverne-Edgemere,41367,Low,0.0,0.0,0.0483,0.0483,0.0242,0.145,0.0967,0.0242,0.0725,0.0967,0.1692,0.1209,0.1934,0.2417,0.2659,0.5802,0.1934,4.3029,4.3513,3.6503,0.6043,0.0483,0.3868,1.2329,2.78,4.2788,1.6922,0.6527,0.3626,0.4351,0.411,0.145,0.1934,0.9911,2.1756,1.1603,0.6285,0.3626,0.3626,0.3384,0.1692,0.2176,0.0967,0.0242,9.5245,11.5068,9.8629,8.7268,6.9137,4.5205,5.7292,3.8678,7.0346,3.6744,2.4657,1.8372,2.4657,0.411,0.3143,0.0483,0.0483,4.037,1.9823,2.9492,3.3118,3.6986,5.5116,5.4149,4.7864,12.377,9.8388,13.6341,18.3963,26.3495,20.717,27.9208,20.7653,4.3029,15.4471,12.3528,12.2803,10.9991,13.8274,15.6888,16.97,15.9547,27.9692,17.3327,20.3786,22.6751,28.9119,28.2834,41.579,26.1078,11.7001,1.9339,2.1515,8.6059,4.8348,4.6897,4.2063,4.448,3.5052,5.9709,9.1377,11.4584,14.1901,23.4486,21.9982,26.4945,21.273,8.6301,0.0,0.0242,0.0,0.0725,0.0725,7.9532,4.8348,4.0854,10.8299,10.3222,0.4351,9.3311,18.0579,10.0563,9.7904,9.5728,0.2417,0.9911,0.556,1.8614,1.3296,0.967,1.4263,1.2329,1.0153,2.1998,1.9097,1.7647,2.2965,2.9009,3.336,5.2941,3.3118,1.813
SI0103,Rosebank-Shore Acres-Park Hill,25510,Low,0.0,0.0,0.0,0.2352,0.3136,0.2352,0.3528,0.1568,0.196,0.0784,0.2744,0.0784,0.0784,0.3528,0.784,0.392,0.2744,2.156,3.0184,2.3128,0.2744,0.0,0.588,1.568,2.4696,2.2344,0.4312,0.7056,0.7448,0.5096,0.4704,0.2352,0.588,0.2744,0.4704,0.1176,0.4704,0.6664,0.2352,0.0784,0.1568,0.1568,0.1176,0.0,2.3912,3.3712,2.156,3.2144,5.8016,7.0561,4.704,1.8032,1.96,1.764,2.3912,3.136,2.2344,1.372,0.6272,0.2352,0.0,1.6464,2.2736,2.94,4.4296,3.2536,6.2328,7.0561,5.9192,16.5817,16.4249,4.9,6.6249,13.9553,16.5033,21.5602,19.1298,6.6641,6.7817,10.6233,14.0337,15.2489,11.8385,12.9753,19.169,14.5433,25.4802,28.4986,16.2289,21.0114,30.4194,46.178,112.1521,57.9773,21.2074,0.9408,1.372,2.4696,4.3512,4.6256,3.2536,4.1552,3.92,11.1329,18.4241,10.5057,8.6241,15.8761,27.4402,80.2038,47.0796,11.0545,0.1176,0.0392,0.0,0.0,0.196,2.6656,1.6072,1.4896,5.3312,4.9784,0.6272,3.92,10.4665,4.3512,4.704,5.1744,0.1176,0.392,0.5488,0.588,0.7448,1.0976,0.8232,1.6072,0.8624,1.7248,2.8224,1.1368,1.2544,3.4496,7.7617,15.1313,12.5833,2.3128
QN1307,Rosedale,27101,Lowest,0.0,0.0,0.0369,0.1107,0.1107,0.0738,0.1845,0.0,0.0738,0.1107,0.1107,0.0738,0.1845,0.1845,0.3321,0.2214,0.1476,2.177,1.8081,1.6974,0.2214,0.0,0.2214,0.738,1.2546,1.4391,0.5166,2.0663,2.1032,2.915,2.915,2.8781,1.5129,1.9187,4.022,2.4353,2.2139,2.0294,1.3653,0.2952,0.4428,0.1476,0.1107,0.0,1.3653,0.9225,1.107,0.0369,0.3321,0.3321,1.4022,0.6642,1.5498,0.6642,0.0369,0.1107,0.1107,0.1476,0.1107,0.0369,0.0,0.7011,0.5904,0.738,1.3284,0.3321,0.8856,1.3284,1.7343,0.5904,1.1808,0.8856,1.476,3.1733,2.2508,2.8043,3.4316,0.5904,5.1659,3.8744,6.3835,5.6824,4.022,6.6418,7.1215,9.7413,8.5975,6.2359,2.1032,4.3172,8.8189,7.7857,12.435,9.5568,2.7305,0.5166,0.6642,1.9556,2.0294,1.6974,2.3615,3.0995,3.3947,3.5792,2.9519,1.2915,2.3246,4.6493,3.5054,4.2065,5.3504,2.177,0.1107,0.0738,0.0369,0.1476,0.2214,0.2952,0.8118,0.9963,7.1215,6.568,0.4428,6.8632,14.0585,8.413,8.6344,8.9296,0.369,0.0,0.1476,0.0369,0.1476,0.0,0.0738,0.0369,0.2583,0.1107,0.0738,0.0,0.1476,0.1476,0.2952,0.0,0.1107,0.0738
BK1503,Sheepshead Bay-Manhattan Beach-Gerritsen Beach,69084,Intermediate,0.0,0.0,0.1737,0.1737,0.2606,0.2027,0.1882,0.2171,0.1737,0.2027,0.2027,0.1737,0.2171,0.1737,0.5211,0.9119,0.3764,1.2449,1.5054,0.9843,0.1737,0.0145,0.3185,0.8396,0.854,0.6803,0.2461,2.345,2.2581,2.3015,2.4029,2.7792,2.2147,2.7213,2.2436,2.0844,1.4186,0.9264,0.7672,0.6659,0.5501,0.3619,0.275,0.0579,1.158,1.3896,0.7817,1.1291,0.9264,1.3028,1.6067,3.4306,3.8359,2.8806,1.4909,1.1725,0.6224,0.4053,0.2606,0.1592,0.029,0.6948,1.9252,2.3884,2.6634,2.4318,2.7503,3.9517,4.661,6.1375,5.8769,4.8636,14.0988,11.7972,11.8986,11.363,11.9275,1.433,5.1097,8.5982,8.2798,8.9746,7.8021,7.8021,8.6127,11.1748,13.3316,10.2918,8.0771,9.1628,8.3811,13.2737,15.4739,17.2978,4.661,0.8396,1.4765,5.4571,2.7068,2.4608,1.8962,2.1713,2.9529,2.9674,5.0518,5.7466,5.1387,4.9939,8.0192,11.5801,11.0156,3.2424,0.0579,0.0,0.0579,0.0434,0.029,9.9734,4.386,4.4149,6.3546,5.6164,0.1737,5.9348,13.1724,6.1664,6.1664,5.8624,0.1158,0.4632,0.854,1.9252,1.2159,1.2449,1.0856,0.8106,1.3028,1.8094,1.3028,0.9698,1.8962,1.0856,2.4608,2.2871,2.9529,1.1291
MN0201,SoHo-Little Italy-Hudson Square,23287,Low,0.0,0.0,0.1288,1.503,1.3312,1.5459,0.8159,1.6748,1.2453,1.8465,1.0736,1.3312,1.3312,1.2883,4.6807,9.4044,4.8954,1.1594,1.1594,0.773,0.1718,0.0,0.5153,0.9877,0.6871,0.6441,0.0429,4.1225,3.5642,3.6501,3.5213,3.6072,4.2942,4.8954,4.466,5.4107,3.8219,2.4477,2.4477,2.0612,1.8465,1.7177,1.3742,0.2577,0.8159,0.773,0.9018,1.7177,3.2636,2.8342,3.736,2.233,2.3618,2.1042,1.8895,1.1594,0.3865,0.1288,0.1288,0.1288,0.0859,3.4783,4.2084,5.239,6.1408,4.8525,15.631,17.3487,21.5141,26.6243,21.2136,10.2632,39.2923,39.2923,30.0597,22.5018,18.3794,2.5336,10.0056,12.2815,17.2629,24.9925,19.7535,29.5014,34.1822,25.2931,31.2191,37.4458,15.9316,19.9253,19.2811,27.4831,23.833,18.68,5.239,1.5889,3.4354,5.1531,8.8891,8.0732,17.7782,15.3734,12.8398,17.9929,18.637,14.4716,15.1157,19.2811,27.6549,28.2991,25.2931,7.7296,0.0429,0.0429,0.0859,0.1718,0.0,21.4283,17.0481,8.5455,11.8521,11.3797,0.0429,9.3185,24.9925,11.2939,7.2573,8.1591,0.0859,1.8036,2.1471,2.6195,5.2819,4.8096,10.5209,8.8891,7.6867,8.4167,8.7603,4.0795,5.969,6.4414,8.3738,7.429,9.5762,2.6624
BX0901,Soundview-Bruckner-Bronx River,74342,Highest,0.0,0.0,0.1883,0.2152,0.1749,0.2287,0.1749,0.2421,0.1211,0.1076,0.269,0.2421,0.2018,0.4439,0.5515,0.6591,0.2287,4.8425,5.0174,4.3448,0.6457,0.0135,0.8071,2.5289,2.5827,3.5512,0.8743,0.148,0.1614,0.1345,0.1614,0.0942,0.1749,0.2825,0.1345,0.1345,0.1883,0.3228,0.3497,0.2018,0.1345,0.0404,0.0538,0.0,0.4842,0.1076,0.3901,0.269,1.3586,0.6457,0.417,0.3228,0.2421,0.5381,0.5381,0.3497,0.1345,0.1211,0.1076,0.0404,0.0269,4.9501,9.0662,15.2,18.7915,19.908,24.0779,24.9119,26.4319,28.759,30.0638,18.805,46.5148,48.2096,46.0978,51.3841,41.0132,7.4117,20.056,29.6602,48.2903,60.9615,71.9243,67.2433,81.8111,71.1307,79.753,61.782,35.3367,60.5176,67.0281,76.296,89.6263,70.095,17.406,4.6138,5.8917,13.5859,23.0691,23.8761,21.7105,29.445,23.1767,23.7685,43.542,29.028,39.8294,49.9448,59.1859,72.8121,54.8815,15.3749,0.0135,0.0538,0.2825,0.3497,0.1749,20.8899,11.9313,9.6715,12.5501,11.6489,0.3228,11.7296,26.4857,12.8326,10.1692,11.5682,0.1345,2.0177,2.7441,6.5374,8.7703,8.2726,8.0843,10.1692,7.6,9.4697,8.4609,6.08,9.8329,10.8418,11.1108,14.9041,11.2588,3.8605
BX0902,Soundview-Clason Point,37297,Intermediate,0.0,0.0,0.1609,0.1341,0.1072,0.1072,0.0804,0.0268,0.1341,0.0268,0.1877,0.1072,0.0536,0.1072,0.2413,0.3486,0.1341,2.3058,2.0377,2.6007,0.1609,0.0,0.4826,1.287,1.4746,2.5203,0.5094,0.1877,0.1609,0.0804,0.1877,0.2413,0.1341,0.2145,0.2145,0.563,0.563,0.1609,0.1609,0.1072,0.0268,0.0536,0.0268,0.0,1.2602,0.4022,1.2333,2.4935,3.9145,4.1826,1.2065,0.5362,1.287,0.6435,0.9652,1.6623,0.9116,0.563,0.6971,0.4826,0.0,1.1797,2.1181,2.4399,2.1986,3.6732,5.7109,2.6544,8.0704,8.6334,7.0783,7.266,13.0305,16.5697,11.8508,14.5052,11.6899,1.6623,4.3971,9.3573,9.2769,7.5609,14.5856,11.1001,10.7247,15.6045,19.4654,13.4863,11.7168,15.4704,20.8864,20.2161,25.0422,18.7951,5.1479,0.563,1.3942,2.2522,2.8957,5.7377,4.6653,3.7537,4.8529,7.5073,8.4993,7.9899,8.8211,13.3791,10.4566,17.6958,14.3443,5.8718,0.0268,0.0804,0.0536,0.1609,0.1072,8.2312,4.5044,3.7268,6.7834,5.1211,0.3217,12.1457,16.6501,7.9631,6.1131,6.5421,0.0536,0.2145,0.992,0.8044,0.7775,2.0645,1.0725,1.1529,1.3406,3.4587,2.5471,1.9841,1.9036,1.9573,1.5551,3.1906,3.271,1.3406
QN1202,South Jamaica,44401,Intermediate,0.0,0.0225,0.1802,0.2477,0.2027,0.1351,0.0676,0.1802,0.2252,0.0676,0.1351,0.045,0.0901,0.1126,0.4054,0.4504,0.1351,3.9188,3.9639,2.59,0.2703,0.0225,0.6306,1.0135,2.072,2.1621,0.6531,1.1711,0.991,0.9009,0.6757,0.7883,0.7432,1.0811,1.2838,1.7567,1.509,1.2612,0.7432,0.3153,0.1577,0.0676,0.0225,0.0,1.7117,1.6892,1.6216,1.4414,1.4189,1.3513,1.9819,2.0945,1.4865,1.7342,2.1396,1.0585,1.4414,0.518,0.473,0.518,0.0,2.6126,2.0495,3.1756,2.8153,2.4999,3.018,3.2882,6.5539,5.8557,4.6621,2.7477,13.2204,18.2203,14.6168,14.1889,14.797,1.9369,20.3374,18.6482,19.459,16.2834,14.4817,19.2788,16.7113,22.3644,21.3283,18.5807,9.7746,20.4049,24.9319,19.7969,26.0354,17.6347,6.8467,3.536,3.3783,7.4323,8.5584,8.671,8.5584,6.8467,7.7926,8.3557,8.3557,6.3512,8.5809,14.6393,14.842,14.7519,11.4637,5.2251,0.2928,0.1351,0.2703,0.2027,0.2252,9.3917,6.6215,5.09,15.0672,14.279,0.4955,14.1663,29.8191,17.2969,15.7654,16.9816,0.3604,0.6982,0.8558,1.0811,1.5315,1.3513,0.9459,1.1036,1.3738,1.3063,1.0585,1.036,1.8918,1.9819,2.072,1.7342,1.1486,1.1261
QN1001,South Ozone Park,79540,Intermediate,0.0,0.0,0.1886,0.1634,0.2263,0.2012,0.1383,0.1383,0.1132,0.1257,0.1132,0.1257,0.264,0.2892,0.7292,1.3452,0.2263,1.3578,1.5967,1.1818,0.2263,0.0,0.1886,0.4652,1.1189,1.2949,0.4149,1.3452,1.7601,1.4961,1.2447,1.3955,1.5841,2.2504,2.439,2.3259,1.4458,1.4207,0.9806,0.4777,0.2892,0.2012,0.0629,0.0377,1.2698,1.0184,1.3955,0.7669,0.7166,0.6286,0.5658,1.1441,0.8298,0.5406,0.5783,0.3395,0.5532,0.2389,0.1257,0.1006,0.1006,0.7543,0.7418,0.7669,0.5909,1.1315,2.0116,1.2195,1.8356,2.2882,2.9922,1.647,5.8335,6.9525,6.7639,7.5308,6.1604,0.9178,7.0405,6.8268,5.4312,5.997,6.9399,8.1594,7.8703,8.4486,10.5482,8.6749,4.8026,9.5549,12.1825,9.6681,15.0993,8.1468,2.5899,1.1315,1.4332,1.7727,2.1876,2.8036,2.8665,3.1682,3.734,4.2746,4.1489,2.6276,4.7146,7.3548,6.5627,7.3296,4.6643,2.1121,0.1383,0.1257,0.1634,0.1509,0.1509,3.6837,2.7785,2.3887,6.8142,6.3239,0.3772,6.8268,13.8798,8.3983,8.0337,8.3229,0.176,0.2514,0.2389,0.2766,0.2012,0.2766,0.2514,0.2892,0.3269,0.4149,0.5658,0.3395,0.4149,0.7795,0.7166,0.616,0.6663,0.1886
QN0903,South Richmond Hill,24141,High,0.0,0.0,0.0828,0.1657,0.29,0.0828,0.2485,0.0414,0.0414,0.0828,0.2071,0.0414,0.2485,0.2071,0.4971,0.9113,0.3314,1.4498,0.9527,1.0356,0.1243,0.0,0.29,0.9527,1.4084,1.4084,0.3728,1.7398,2.7754,2.0297,2.0297,1.4498,1.5327,1.1599,0.5385,1.2013,1.6984,1.1599,0.7456,0.8699,0.3728,0.3728,0.0414,0.0,1.4498,0.9113,2.2369,1.1599,0.4971,0.1657,0.1243,0.2485,0.6213,0.7456,1.2013,0.9527,0.6213,0.6628,0.787,0.29,0.0,2.1126,1.367,1.8226,1.2013,3.2724,2.7754,2.8168,2.3197,2.8996,3.9352,2.1954,14.3739,14.7467,16.3208,15.0781,15.2438,2.6097,11.1429,9.8173,8.119,8.6575,11.5157,8.0775,7.829,10.4801,10.4801,12.9241,4.3909,8.4089,9.7759,11.8471,14.871,10.4801,5.8821,2.444,1.2427,2.1126,3.0653,4.598,3.8524,3.3139,3.5624,3.6453,5.5507,2.7754,5.5093,8.3261,8.2018,9.4031,9.0717,4.8879,0.0414,0.0,0.1243,0.3314,0.1243,11.4328,7.6633,5.5507,10.5215,10.5215,0.4557,10.273,21.623,12.6755,11.9299,11.7228,0.2485,0.1243,0.2485,0.4142,0.4557,0.7456,0.9113,0.9113,1.077,1.077,0.787,0.4557,0.6213,0.9527,1.1599,2.2369,1.1184,0.5799
BK0103,South Williamsburg,47703,Highest,0.0,0.0,0.021,0.021,0.021,0.0,0.0,0.021,0.021,0.0,0.0,0.0,0.0,0.0419,0.0629,0.1887,0.021,0.4402,0.2516,0.2725,0.0419,0.0,0.0629,0.1677,0.1887,0.545,0.3564,0.7337,1.132,1.4674,1.7609,1.0691,0.566,0.9224,1.3836,1.3207,1.2578,0.9014,0.7756,0.2935,0.2935,0.1048,0.1677,0.021,1.2368,1.4255,2.3898,3.375,2.6204,3.8362,2.3688,2.264,2.0544,1.9286,1.8447,1.5932,1.2997,0.4193,0.3144,0.1048,0.1048,0.4402,1.4674,1.2159,2.7671,3.375,3.983,4.5909,10.5234,11.362,10.209,6.6662,33.7924,31.3397,26.5602,22.5772,23.4996,0.3773,2.1173,3.983,2.9558,5.8068,10.6492,7.924,7.5677,9.7059,10.7331,11.8651,7.5677,7.1694,11.0266,8.1965,4.2345,4.0878,0.9224,0.9014,0.8595,0.9224,2.0544,2.83,2.6413,2.2221,3.8572,3.2912,5.7229,5.7019,6.1212,9.3914,6.6872,3.3331,3.7105,1.3416,0.0,0.0,0.0419,0.0839,0.1048,34.5052,16.3092,14.0243,17.1268,16.2254,0.1258,13.8985,34.8615,15.9948,15.5965,15.7432,0.0419,0.4402,0.3983,0.3354,0.7756,2.5156,1.8657,2.243,1.5932,2.0334,3.2283,2.6204,2.5785,4.2765,3.375,1.1739,1.0901,0.2306
BK0504,Spring Creek-Starrett City,17038,Intermediate,0.0,0.0,0.0,0.0587,0.0,0.0,0.0587,0.0587,0.1174,0.0,0.0,0.0,0.1174,0.0587,0.2935,0.6456,0.0587,5.0475,2.5238,3.4042,0.1174,0.0,0.4695,1.3499,4.9888,3.3455,0.9391,0.0,0.0,0.0,0.0,0.0,0.0587,0.0,0.0,0.0,0.0,0.1174,0.0,0.0,0.0,0.0,0.0,0.0,16.3165,10.4472,6.9844,1.3499,30.6961,16.023,19.7793,25.942,5.6345,7.1605,6.6909,0.9391,3.5215,3.6976,1.1152,0.0587,0.0,0.4108,0.5869,0.2935,0.5282,1.0565,1.526,1.2325,3.5802,5.7518,6.4562,9.2147,17.2555,11.6798,10.0951,10.5059,11.6211,2.0542,3.1107,1.2912,2.4064,4.7541,3.1694,2.7585,2.289,9.9777,8.6865,8.2756,10.9755,21.364,11.5624,7.9235,15.5535,12.5602,3.9911,0.4695,0.1174,0.7043,2.7585,0.6456,1.0565,3.9911,5.7518,2.8172,6.3975,4.9888,12.3254,10.9168,8.1582,15.4361,10.682,2.1129,0.0,0.0,0.0,0.0,0.0,1.6434,3.052,3.052,2.9933,0.9978,0.1174,3.2281,6.7496,3.1107,3.815,3.2868,0.0,0.0587,0.1174,0.2348,0.8217,0.4108,0.1174,2.4064,2.9346,1.7608,2.9933,1.8782,4.2258,2.4064,1.8782,3.8737,2.7585,0.3522
QN1204,Springfield Gardens (North)-Rochdale Village,32883,Low,0.0,0.0,0.0304,0.0304,0.0304,0.1216,0.1216,0.0608,0.0,0.0608,0.0912,0.0912,0.0304,0.1521,0.1825,0.2433,0.1216,2.1288,3.1019,1.9463,0.5474,0.0,0.4866,1.3381,3.2844,2.5849,0.9427,1.3989,0.7299,1.0644,1.551,2.5849,1.7334,1.7942,2.3112,2.3416,2.9499,1.0948,0.669,0.2433,0.1521,0.0,0.2129,0.0,1.9463,0.669,0.7299,0.4866,0.2433,1.0036,0.9123,0.669,0.9731,1.4597,0.9731,0.7603,0.4258,0.1216,0.0,0.0,0.0,0.5474,1.0644,1.3381,1.2773,1.186,2.3112,1.6726,1.2164,1.3077,1.2773,2.6457,5.1394,6.4775,5.7172,7.177,5.5348,1.7334,4.5616,7.2074,7.9676,7.846,6.6296,8.0589,8.3934,6.4775,6.1126,7.6939,8.0285,9.5794,11.6169,13.0463,11.5865,12.438,3.0107,1.1252,1.6422,1.8247,2.372,2.2808,3.4668,2.7066,2.4025,2.4633,2.5241,3.5885,3.5581,5.2307,6.5079,7.5419,8.0893,2.4329,0.1825,0.1216,0.0304,0.2129,0.1216,0.7299,0.8819,1.2164,5.4435,5.5652,0.7603,5.9909,12.4076,7.4507,7.0857,7.4507,0.1825,0.1825,0.1825,0.0912,0.0304,0.3649,0.3345,0.0912,0.0912,0.1216,0.0912,0.1216,0.0912,0.4866,0.669,0.7907,0.9731,0.3649
QN1306,Springfield Gardens (South)-Brookville,23103,Lowest,0.0,0.0,0.0866,0.0866,0.0433,0.1299,0.2597,0.0433,0.0866,0.0433,0.0866,0.1299,0.0866,0.1731,0.3896,0.1299,0.0433,2.0344,2.4239,1.9478,0.6926,0.0433,0.4761,0.7791,1.6881,1.3851,0.5627,2.5538,2.1209,1.7747,1.7314,2.9433,2.1209,4.6314,3.0732,4.2852,3.9822,3.9389,2.4672,1.0388,0.3896,0.1299,0.0433,0.0,3.2463,3.203,3.6792,1.0388,1.2985,0.9955,2.8135,0.909,0.9955,1.9911,1.2552,0.6926,0.4328,0.1731,0.0,0.0,0.0,0.7358,0.7358,0.7791,1.212,0.5194,1.2985,1.6015,0.8657,1.9478,2.4239,1.3418,2.6836,4.5449,3.6792,3.3762,2.5971,0.8657,5.8867,5.1508,5.5404,7.9643,8.7435,7.8778,5.9733,5.5404,12.2495,9.436,4.5881,8.8733,7.2285,11.2972,10.2151,8.6569,1.3851,1.3851,1.7314,2.2508,2.5971,4.718,2.9866,4.3717,1.7747,4.8479,4.2419,2.2941,2.2075,4.1553,5.4106,3.9822,5.1941,0.9523,0.1731,0.1299,0.1299,0.1731,0.1299,1.0388,1.2985,0.8657,8.224,7.7046,0.8657,8.0942,17.0973,10.3017,9.2196,10.042,0.1731,0.0433,0.0,0.0866,0.0,0.0866,0.2164,0.0866,0.0,0.1731,0.0,0.0866,0.1731,0.1299,0.1299,0.0866,0.2597,0.0
QN1205,St. Albans,51816,Low,0.0,0.0,0.0772,0.1351,0.0386,0.1351,0.1351,0.1351,0.1158,0.0965,0.0579,0.0772,0.1544,0.2702,0.2702,0.3667,0.2509,2.2194,2.4317,2.0264,0.3474,0.0,0.3474,1.1,1.2158,2.0264,0.6755,0.6176,0.6755,0.8106,0.7334,0.9264,0.9457,1.0614,2.1615,1.1772,1.9878,1.2158,0.6176,0.2509,0.3088,0.0965,0.0386,0.0386,0.4825,0.9843,0.7913,0.8685,0.4053,1.1386,0.8878,1.0036,1.1193,0.8685,0.8492,0.4439,0.386,0.6369,0.3667,0.2123,0.0,0.8878,1.9106,1.6597,2.0843,1.6597,2.2387,2.6633,1.0807,2.3931,2.2194,1.9492,4.8055,4.6704,6.8512,7.8354,6.3687,0.8878,9.6109,13.683,11.5987,9.8232,9.9004,9.2249,12.4093,9.3407,13.3935,8.3758,5.6932,11.0391,10.5566,15.5357,18.585,13.0462,4.1879,1.9492,1.7176,2.5282,3.358,4.8441,4.5353,4.8634,2.7984,3.551,3.3966,2.5089,5.3458,5.2493,8.646,9.5723,6.6389,2.2194,0.0386,0.1351,0.0965,0.1158,0.1544,1.9106,1.8141,1.679,9.3793,8.2793,0.4439,8.2214,17.427,10.6338,10.132,11.097,0.3088,0.1158,0.1544,0.4825,0.3088,0.4632,1.0229,0.5018,0.2509,0.5211,0.6369,0.1544,0.2702,0.4053,0.8878,1.2351,0.8685,0.2895
SI0101,St. George-New Brighton,20549,Intermediate,0.0,0.0,0.0487,0.5353,0.0973,0.438,0.1947,0.3406,0.146,0.0973,0.1947,0.2433,0.292,1.2653,0.5353,1.1679,1.1193,3.4065,3.5525,3.4065,1.0219,0.146,1.1193,2.8712,3.8445,4.3311,0.7786,0.146,0.3893,0.3893,0.292,0.146,0.4866,0.2433,0.4866,0.292,0.146,0.0973,0.146,0.1947,0.0973,0.146,0.0,0.0,1.8492,1.4113,2.9199,1.2166,1.1679,3.0172,4.4771,1.8006,1.5573,2.7252,1.9952,1.1679,1.0219,0.876,0.3406,0.0973,0.0,5.1584,5.3531,7.6889,8.7596,10.8034,23.5048,12.2634,15.4752,15.7672,19.125,11.1928,17.1785,21.0716,23.9914,21.8989,30.0745,8.0296,33.2376,35.9142,42.3378,45.1603,45.7443,68.0325,42.2892,41.5592,41.5592,40.9752,24.5754,34.0649,31.4857,44.6737,59.1756,73.1422,22.0449,7.0563,5.2071,10.4628,13.9666,13.2367,16.1078,16.9351,11.5334,13.8206,18.8817,14.4533,14.0639,20.439,21.8989,34.8922,33.0916,14.8426,0.146,0.292,0.292,0.146,0.1947,9.5868,6.7157,4.6231,10.7061,9.7815,0.73,8.5649,20.3903,10.5115,10.2681,11.7767,0.3893,0.6326,1.9466,2.8225,3.2118,2.7252,4.0878,2.2872,3.0658,3.8931,2.8712,1.3626,2.9199,2.7739,3.9418,5.1097,6.9103,2.8712
MN0601,Stuyvesant Town-Peter Cooper Village,22512,Lowest,0.0,0.0,0.0444,0.0444,0.0,0.0,0.0,0.0888,0.0888,0.0444,0.0444,0.0,0.1333,0.0888,0.1777,0.3554,0.0,0.8884,0.4886,0.2665,0.0888,0.0,0.0,0.4442,0.844,1.1994,0.3998,0.0,0.0,0.0444,0.1333,0.533,0.4886,0.0444,0.0,0.0,0.0444,0.0,0.0,0.0,0.0,0.1333,0.2221,0.0,0.0,0.0,0.0,0.0,0.0,0.0,0.0,0.0,0.0,0.0,0.0,0.0,0.0,0.0,0.0,0.0,0.0,0.2221,0.3554,0.3109,0.9773,0.0888,0.4442,0.3109,0.1777,0.7996,0.3109,0.4442,0.5775,0.5775,0.3109,1.1105,0.844,0.2221,0.1777,0.4442,0.3554,1.4659,0.3554,1.2882,0.533,0.533,1.377,0.4442,0.3998,0.7552,0.2221,0.3998,2.1322,1.688,0.4442,0.0,0.0,0.0888,0.1777,0.1777,0.3554,0.2665,0.2221,0.2665,0.6219,0.2221,2.8873,0.6663,1.4215,1.9101,1.5103,1.0661,0.0,0.0,0.0,0.0,0.0,0.4886,0.0,0.0,0.0,0.0444,0.0,0.0,0.0,0.0,0.0,0.0444,0.0,0.0,0.0444,0.0888,0.0888,0.0888,0.1777,0.0888,0.1333,0.1333,0.1333,0.0,0.0444,0.0444,0.3109,0.3554,0.0888,0.3109
QN0202,Sunnyside,52278,High,0.0,0.0,0.2104,0.4208,0.4017,0.5356,0.4782,0.4591,0.3252,0.2104,0.2487,0.3443,0.5356,0.7269,1.0521,1.7981,0.6504,1.3199,1.5303,1.339,0.3443,0.0,0.3826,0.8417,1.3199,1.3199,0.4782,0.3634,0.2678,0.2869,0.2678,0.3061,0.3252,0.593,0.3443,0.4591,0.4591,0.3634,0.2678,0.0765,0.0191,0.0191,0.0191,0.0,0.2869,0.153,0.1339,0.2678,0.2487,0.3061,0.0956,0.0574,0.3443,0.6886,0.6312,0.7843,0.5547,0.5547,0.1148,0.1339,0.0,2.4676,2.6589,2.6589,4.6291,4.5143,6.5228,5.8151,9.086,10.7502,7.6705,5.9107,22.8777,25.2688,25.3644,30.9499,26.1678,5.6429,10.2911,11.4006,14.9394,17.5026,18.5929,18.0956,19.951,19.2433,18.8798,13.8299,9.0095,19.3007,20.4484,21.7109,44.6268,39.3856,11.4962,1.492,1.6068,2.8119,5.0691,5.949,4.763,5.4899,5.0691,5.9872,8.5504,7.9192,13.6769,17.4835,26.2061,35.0817,32.9393,10.1764,0.0383,0.0191,0.0191,0.0383,0.0574,12.1466,6.4846,4.9925,7.5749,6.2933,0.0,6.0829,12.6057,9.7938,5.7959,6.7715,0.1339,1.0521,1.2051,1.7216,1.932,2.2189,1.6451,2.5632,2.6206,2.6589,2.5823,1.6259,3.9596,3.9213,4.7439,9.5069,7.4219,2.8693
BK0703,Sunset Park (Central),55606,Highest,0.0,0.0,0.2698,0.2877,0.3597,0.3237,0.2877,0.4136,0.2338,0.1798,0.2518,0.2338,0.3597,0.4496,0.7733,1.3488,0.3597,0.5035,0.6114,0.4316,0.036,0.018,0.3597,0.3597,0.5395,0.7193,0.1439,2.2659,2.8414,2.9673,2.0861,2.3199,2.8594,3.4169,4.9275,4.37,3.6507,2.7335,2.194,1.3128,0.3417,0.2518,0.1259,0.0,0.5935,0.5035,0.5755,0.3417,0.3597,0.4136,0.7193,0.5575,0.6474,0.4316,0.2158,0.4496,0.4676,0.1619,0.1439,0.1079,0.018,3.6687,3.5068,8.2545,6.6899,6.2943,10.1428,8.9019,11.6175,14.1172,13.218,11.2758,33.1439,29.0616,26.7957,27.551,23.9722,1.8523,11.042,9.7292,18.4153,20.3395,20.0698,21.4545,23.3968,20.2496,27.3532,23.5047,18.1635,25.0333,20.3575,23.2709,32.8921,22.7493,4.2262,1.8883,2.212,6.9237,13.3259,10.1788,9.2976,9.0098,7.6431,8.5422,15.6818,13.0382,15.0164,16.6169,17.4621,22.2278,15.8796,4.37,0.0,0.018,0.0,0.1439,0.1798,20.3755,8.9379,8.3804,11.2398,9.2616,0.0719,10.0888,20.951,13.0382,9.2616,8.6322,0.036,1.1869,0.9711,2.3019,4.5679,3.6687,3.9564,3.9924,3.3989,4.0643,4.5858,3.345,4.8376,3.9384,4.9995,5.9166,4.4959,1.1869
BK1201,Sunset Park (East)-Borough Park (West),35632,High,0.0,0.0,0.2245,0.2526,0.2245,0.3368,0.3368,0.2526,0.1965,0.3087,0.2245,0.3087,0.1123,0.3368,0.7016,0.8981,0.1684,0.6736,0.7577,0.6174,0.1123,0.0,0.2526,0.5613,0.7858,0.5332,0.2806,2.6661,2.3855,2.4978,3.7045,3.5361,3.5642,3.1713,4.9674,5.4165,3.7045,1.8803,1.5436,0.8419,0.6174,0.5613,0.421,0.0561,0.6736,0.449,0.3648,0.421,2.0768,2.2452,2.1329,1.5997,2.3013,1.7681,0.8139,0.9823,0.9823,0.6455,0.2526,0.0561,0.0842,3.3116,3.2274,4.3781,5.8374,6.09,7.8862,7.4091,11.2259,13.471,16.7546,13.5833,37.5786,33.1163,31.9095,32.5269,31.2921,2.6381,7.7458,8.0826,11.7872,13.5272,19.0559,19.3927,17.0072,23.2937,26.2405,29.3837,20.852,26.1843,22.8727,24.5566,39.936,33.6776,6.6233,2.0207,3.031,4.9113,6.3987,7.5494,5.9216,6.4829,8.7562,7.9142,18.6349,14.1727,16.474,15.5198,15.9688,23.1253,21.273,5.22,0.0,0.1123,0.0281,0.3368,0.0,25.174,12.1239,11.4784,13.2746,11.4784,0.1123,12.3485,26.493,16.2775,11.0013,12.6291,0.0561,1.0384,1.1787,2.0207,2.3855,2.7503,2.5258,3.0871,3.5361,3.4239,6.4549,4.2939,3.9571,3.5081,4.2939,5.3604,5.4165,1.0384
BK0702,Sunset Park (West),54473,High,0.0,0.0,0.1652,0.5874,0.2754,0.514,0.2203,0.5507,0.5324,0.4773,0.2754,0.4039,0.4589,0.6609,1.4686,1.744,0.5691,1.0831,0.8261,0.716,0.2203,0.0184,0.2387,0.6609,0.7343,0.8261,0.1101,1.2483,0.8995,1.2483,1.3401,1.5788,1.6155,1.744,2.0561,1.6522,1.3585,0.8445,0.9546,0.6425,0.5874,0.2937,0.0734,0.0,0.6425,0.9913,0.7343,0.6425,0.6976,1.542,1.542,1.9459,1.6706,1.5604,1.3768,0.973,1.1749,0.5324,0.6058,0.6425,0.0734,3.488,3.0657,7.4165,9.1421,8.4262,14.8147,14.2272,13.5664,17.036,20.579,18.1191,43.3426,38.4227,36.5869,32.4932,30.0883,2.6619,11.8774,11.1799,21.3867,28.2525,26.9308,30.9878,37.2111,27.2245,32.6217,34.2555,31.2632,32.2362,24.2505,31.3366,35.3937,28.4545,5.6175,2.6802,3.6532,6.2967,11.8591,10.1885,12.5016,15.8244,11.4369,12.777,20.7259,24.6544,22.9471,17.8804,25.2969,24.838,23.1674,5.8194,0.0551,0.0734,0.1652,0.1836,0.0918,27.6834,11.7489,11.6204,15.5123,13.7866,0.2754,13.9519,27.1694,17.3664,11.5103,12.8871,0.0367,1.3768,1.542,1.8174,3.231,2.9372,3.8184,4.7914,3.5981,5.5624,5.3605,6.6639,7.288,3.9836,5.8194,5.6358,6.1131,1.8174
BX1002,Throgs Neck-Schuylerville,48116,Low,0.0,0.0,0.1247,0.1455,0.2286,0.187,0.2078,0.1663,0.0831,0.1663,0.2078,0.1455,0.187,0.2702,0.5404,1.1846,0.291,1.2678,0.8521,1.1639,0.2286,0.0,0.2494,0.7066,0.8313,1.0807,0.1455,0.7482,0.6651,1.3093,1.0392,0.7482,0.769,1.0599,1.1015,0.7066,1.3301,0.6651,0.7274,0.1663,0.1455,0.3117,0.1455,0.0416,1.5172,0.5404,0.4988,0.956,0.5196,1.0599,1.7458,1.4548,1.4964,0.5611,0.5819,0.7898,0.2078,0.0416,0.2494,0.1455,0.0208,1.3717,0.8521,1.1639,1.725,1.5587,2.016,2.5148,2.7018,5.9024,3.1175,1.5795,16.5018,14.4235,14.5482,17.1876,13.5298,1.2262,5.6738,4.2813,4.4476,5.7569,6.2973,4.7593,7.7105,5.9855,7.8976,8.2717,2.8265,9.0407,10.8696,10.641,18.5593,10.9111,3.5539,0.5611,0.8105,1.9744,2.203,1.8705,1.4964,3.2214,3.0136,3.1175,5.0087,2.4524,5.3828,5.8193,7.7313,10.2876,8.1262,2.7849,0.0623,0.0831,0.0623,0.0623,0.0416,14.0286,7.6066,5.8193,8.8952,9.29,0.2078,8.5626,20.5545,9.9343,9.5602,10.2669,0.1455,0.1455,0.291,0.3949,0.6651,0.7274,0.5611,1.1223,0.9976,1.5379,1.6626,0.6235,1.6834,1.2054,1.4756,2.1822,1.8081,0.7066
SI0203,Todt Hill-Emerson Hill-Lighthouse Hill-Manor Heights,32822,Lowest,0.0,0.0,0.0609,0.0914,0.0,0.1219,0.1523,0.2437,0.0609,0.1523,0.0914,0.0609,0.1219,0.1219,0.2133,0.4875,0.1828,0.2437,0.3047,0.3961,0.0,0.0305,0.3047,0.4265,0.7312,0.7007,0.2437,3.1381,2.4069,2.7421,3.1077,1.9499,2.4983,3.8998,2.9249,2.2241,2.8335,2.1022,1.5538,0.8531,0.2742,0.3351,0.2133,0.0,2.5593,3.7475,3.0467,2.4374,5.4841,3.6866,3.2905,3.5342,2.1937,3.3209,2.6811,2.7421,1.889,0.4875,0.5179,0.4875,0.1523,0.0305,0.5789,0.2742,0.5484,0.8226,0.5179,0.5789,0.457,0.3351,1.9499,0.6703,1.5843,2.0108,2.2241,1.9499,2.7725,0.0,0.9445,2.1327,1.3406,2.346,2.4679,0.4875,1.6452,2.3155,0.7922,2.1937,1.4624,1.9194,3.2905,3.4733,2.9249,2.7725,0.1523,0.2437,0.2133,0.3656,0.5179,0.7922,0.3351,0.4875,0.457,0.2437,0.914,0.3351,0.457,0.975,1.0054,1.3406,1.4929,0.2742,0.0,0.0609,0.0305,0.0,0.0305,1.0359,0.914,0.8531,1.9499,1.7976,0.1219,1.6757,4.692,2.5288,2.4374,2.4069,0.0609,0.0914,0.0,0.0305,0.2437,0.1828,0.0305,0.1523,0.1219,0.0305,0.0609,0.0305,0.0,0.0914,0.1828,0.1219,0.1828,0.0305
SI0102,Tompkinsville-Stapleton-Clifton-Fox Hills,19027,High,0.0,0.0,0.3153,0.2628,0.4205,0.3679,0.473,0.3153,0.2102,0.4205,0.1577,0.3679,0.2102,0.5256,0.8409,1.2614,0.4205,3.2585,3.0483,3.0483,0.4205,0.473,1.3139,2.6804,2.6278,2.9957,0.946,0.1051,0.473,0.3153,0.2102,0.6307,0.0526,0.3153,0.2102,0.7884,0.5256,0.2102,0.6307,0.3153,0.2102,0.2628,0.0,0.0526,3.1534,1.7344,0.8409,1.5241,1.3665,1.7869,1.5241,2.3651,2.3125,1.9446,0.6307,0.8935,1.4716,0.7884,0.3153,0.0,0.0,3.3111,4.3622,6.4119,10.5114,7.9886,8.3565,12.8239,13.6122,11.4574,16.6605,7.5156,15.9773,20.7074,16.0299,16.7656,17.9219,3.4688,31.3765,27.9077,35.4233,41.6251,35.3708,27.4347,31.1662,37.4205,31.6392,28.8012,18.7103,27.75,30.7983,25.4901,36.1591,49.3509,13.9276,4.2571,4.9929,8.2514,16.7131,11.8779,11.8253,11.0895,16.5554,11.983,14.1904,11.7202,15.1364,17.9219,14.9262,19.3935,23.9134,7.6207,0.1051,0.473,0.3153,0.473,0.4205,6.1492,4.7301,5.3608,11.8253,11.51,0.8409,10.9318,23.2827,11.9304,11.0369,12.456,0.3153,0.6832,0.7884,1.3665,3.4688,1.0511,1.3139,2.5227,2.2599,2.2074,2.1023,1.8395,1.9972,2.9957,2.4702,2.8381,4.2046,1.0511
SI0305,Tottenville-Charleston,16089,Lowest,0.0,0.0622,0.3108,0.6837,0.2486,0.4972,0.5594,0.6215,0.4972,0.3729,0.3729,0.6837,0.4351,0.6837,1.8025,2.8591,0.808,0.2486,0.3729,0.6215,0.0622,0.0,0.3108,0.3108,1.2431,0.4972,0.1865,2.1132,2.5483,1.9889,2.1132,2.1754,2.5483,1.9268,1.9268,1.9268,3.1077,1.4295,0.6837,0.5594,0.3108,0.2486,0.1865,0.0,8.8259,6.5884,7.0234,6.2776,6.5884,8.3908,6.2154,8.453,9.0745,7.9557,6.6505,5.3453,4.04,2.6105,1.8025,1.1809,0.0622,0.3108,0.6837,0.4351,0.0,1.0566,0.4972,0.4351,0.0,0.4351,0.1865,0.5594,0.3729,1.6782,0.5594,1.1188,1.1809,0.1865,3.3563,2.1754,3.3563,0.4351,3.0456,2.7969,0.7459,0.4972,1.2431,0.0622,1.5539,0.0622,1.4295,1.1188,1.4917,1.0566,0.808,0.2486,0.0,0.3729,0.0622,1.616,1.8646,0.3108,0.3729,0.1865,0.1243,1.4917,0.0622,2.2997,0.4351,0.8702,0.6837,0.4351,0.0,0.0,0.0622,0.0,0.0622,0.5594,0.4351,0.3108,2.0511,1.5539,0.1865,2.1754,5.4696,3.4806,3.7293,3.4185,0.0,0.0,0.0,0.0,0.0622,0.0622,0.1865,0.0,0.0,0.0,0.0622,0.1243,0.0,0.0,0.0,0.0622,0.1243,0.0
BX0602,Tremont,32150,Highest,0.0,0.0311,0.2488,0.2488,0.2488,0.4044,0.1244,0.2488,0.1244,0.0933,0.1244,0.2177,0.1555,0.3733,0.4044,0.9331,0.1866,6.2208,6.7185,4.9456,0.902,0.0311,0.6221,4.0435,4.5412,5.8476,1.4619,0.0311,0.0933,0.2177,0.0311,0.2488,0.5288,0.6221,0.1866,0.1555,0.311,0.591,0.4666,0.311,0.2488,0.1866,0.1244,0.0622,2.0529,1.6485,0.9642,1.3375,1.3686,1.804,1.493,2.3639,1.6796,1.9907,1.3997,1.804,1.4308,0.902,0.6843,0.3421,0.0,8.2115,12.8771,20.1244,22.986,27.465,36.0187,27.9005,42.1151,47.9938,43.888,34.2146,67.9316,69.2068,68.8958,83.9191,67.3717,16.0187,26.3453,45.1322,57.7294,75.0233,96.3608,90.3888,93.4681,113.9347,138.3515,100.4044,71.0731,124.4168,116.1742,153.9036,193.3126,179.0358,43.8258,7.1229,7.6516,13.6858,32.9082,38.0715,33.9658,35.8009,33.2193,34.0591,65.4743,52.1617,79.1291,96.7652,129.4246,157.0762,135.3033,40.4977,0.0933,0.1244,0.3421,0.4355,0.4666,16.4541,8.8025,7.2162,10.6065,8.8647,0.5599,9.8289,21.4308,9.6734,9.1135,8.647,0.311,2.7372,4.8212,6.563,12.1928,16.5785,11.6952,13.3437,11.944,13.9969,15.521,9.3313,16.2364,19.3779,26.9051,31.353,31.3219,10.7621
MN0102,Tribeca-Civic Center,25390,Lowest,0.0,0.0,0.1575,1.2603,0.6302,0.7483,0.7877,0.7089,0.9846,1.0634,0.5514,0.512,0.5514,1.024,2.4419,4.3718,2.1662,0.512,0.3151,0.2363,0.0788,0.0,0.1182,0.512,0.3545,0.2757,0.0394,3.3478,3.9779,3.3084,4.3324,4.2536,4.0567,4.8838,4.3324,4.1749,4.0173,2.4419,2.5207,2.0087,1.6936,1.6936,1.1422,0.1575,1.221,0.7089,0.9453,1.6148,1.4179,1.3391,1.1816,1.9693,1.1422,1.1422,0.4726,0.1575,0.1182,0.0788,0.0788,0.0788,0.0788,0.1575,0.7877,0.4726,1.1028,0.9846,0.9059,2.4813,3.1902,5.7109,3.5053,3.3872,10.7917,14.0213,7.6802,9.6495,4.805,1.024,0.7483,1.8905,4.0567,4.0567,2.2844,0.9846,1.9693,2.245,5.0807,2.0874,1.536,3.7022,4.9626,2.9539,8.9405,3.9779,3.1508,0.0788,0.4726,0.6696,0.3545,1.221,0.4332,1.3785,1.1422,2.1268,3.9779,1.5754,1.3785,3.8992,2.5207,4.6869,3.3478,0.8271,0.0,0.0,0.0,0.0,0.0394,9.0981,5.3171,3.3478,5.1201,3.781,0.0394,3.2296,8.8618,3.9386,2.757,3.5841,0.0,0.1969,0.512,0.5514,0.512,0.9059,0.3545,0.7877,0.7089,1.1028,2.4813,0.3939,0.9453,1.9693,0.9453,2.2844,1.2603,0.6696
BX0701,University Heights (North)-Fordham,46538,Highest,0.0,0.0,0.1289,0.2579,0.1719,0.1289,0.086,0.1934,0.1289,0.1719,0.1289,0.1289,0.0645,0.2364,0.4083,0.4942,0.2149,6.6397,5.0281,2.9653,0.8595,0.0215,1.0529,3.524,3.4166,4.5124,1.0744,0.1289,0.3008,0.1504,0.0645,0.1074,0.1504,0.1719,0.1074,0.1504,0.1074,0.1504,0.1719,0.086,0.1074,0.086,0.0215,0.0215,0.1504,0.3223,0.3438,0.1504,0.1719,0.9884,0.795,0.4942,0.6017,0.6876,0.5372,1.0099,0.5157,0.5587,0.1289,0.1289,0.0,7.6067,12.3985,20.8432,29.5243,32.2102,38.4632,35.1326,33.9722,37.9475,46.0269,31.9524,47.9178,38.6566,41.3211,66.8486,51.8286,11.3671,24.9903,32.2962,50.303,92.3761,103.8506,89.7976,98.6291,90.2703,96.4158,92.548,60.4452,94.9332,85.4141,107.611,137.479,124.8657,26.2796,6.9191,7.886,16.3307,33.0912,40.7194,31.9954,34.9392,33.7144,35.8202,65.0221,50.1741,65.0221,69.4486,87.1546,106.9664,99.9398,25.0118,0.043,0.0,0.086,0.5157,1.0529,5.243,2.4711,1.9124,3.4381,2.3422,0.1719,3.0298,5.6728,2.8794,2.9868,2.3851,0.3223,2.8149,3.9323,6.5753,13.0431,12.6993,10.529,11.0018,10.4861,11.2596,12.4629,10.2067,12.7423,13.4084,18.6084,23.3573,22.3903,6.6827
BX0501,University Heights (South)-Morris Heights,54682,Highest,0.0,0.0,0.0183,0.1646,0.2012,0.1829,0.2377,0.1646,0.1829,0.1463,0.0732,0.128,0.1097,0.2926,0.4389,0.5121,0.2012,6.7298,5.7789,5.2851,1.0058,0.0,0.6035,3.6941,3.31,4.5902,1.2618,0.1829,0.128,0.1463,0.1829,0.1646,0.3475,0.3292,0.2926,0.3658,0.2195,0.1646,0.1829,0.128,0.0549,0.0366,0.0183,0.0,1.1521,0.384,0.2195,0.384,0.3658,0.2377,0.2926,0.2743,0.1829,0.4206,0.4938,0.6949,0.6218,0.3658,0.3658,0.2743,0.0914,8.8695,12.6733,17.2817,22.9509,24.7979,26.9559,30.7414,37.1603,32.9725,36.0082,24.487,39.4828,42.2991,39.7389,55.5942,49.5044,11.3566,27.5959,34.8561,45.0788,71.4678,75.5459,72.0164,102.6298,99.9049,91.0903,74.0646,49.541,70.6448,82.5866,107.3479,130.5914,132.9505,37.4529,5.1754,5.7423,12.2709,27.3948,28.2543,28.0348,31.8203,31.7106,26.8461,51.9184,37.4712,46.2309,59.9649,78.417,110.8043,101.1485,34.1429,0.0549,0.0549,0.128,0.2377,0.3109,6.1812,3.7489,2.9992,4.0233,3.0906,0.1829,3.2186,7.6442,3.9867,3.2369,3.8404,0.5852,2.2859,3.6758,6.4189,11.32,11.5577,11.5212,13.4231,12.1795,11.9235,10.5702,7.2236,10.0216,11.9052,16.7331,23.1155,22.6583,9.0341
MN0802,Upper East Side-Carnegie Hill,62410,Lowest,0.0,0.016,0.032,0.4326,0.2083,0.3685,0.2724,0.4486,0.3846,0.3525,0.1602,0.2083,0.2884,0.5448,1.1376,2.9482,0.5929,0.4647,0.5127,0.3525,0.0481,0.0481,0.1282,0.4807,0.3685,0.2724,0.0641,2.083,1.9869,2.4836,2.3874,2.4676,2.8681,2.772,3.3008,2.5637,2.8201,2.2432,2.3554,1.4581,1.1056,0.7371,0.5929,0.1442,0.2083,0.3044,0.3846,0.6089,0.673,0.6089,0.6569,0.4486,0.6089,0.6409,0.3685,0.4486,0.4967,0.1602,0.0961,0.032,0.0,1.2178,1.362,1.9548,1.9228,1.378,3.5251,3.6052,7.7872,8.5563,6.217,3.6533,14.1484,12.8185,11.0719,8.6044,7.4507,0.7691,3.9096,3.5091,5.0473,6.6015,4.9031,4.5506,4.9992,8.2198,8.7005,7.4828,4.3262,7.4668,5.9606,9.6779,6.5374,6.3291,1.6984,0.7531,0.5448,1.5222,1.9388,2.8521,2.4035,2.8842,3.8295,3.8135,5.2395,3.7013,4.6307,4.9511,8.0917,7.1303,5.0152,1.0575,0.0,0.0,0.1122,0.0481,0.016,10.383,9.1492,3.7334,5.2556,4.4224,0.0641,3.8616,10.6874,4.9992,3.8936,4.871,0.016,0.3365,0.3685,0.8332,0.9934,1.1697,1.5542,1.2338,1.5863,1.7786,1.7786,1.1857,2.1791,1.5062,2.2272,1.3459,1.6504,0.3525
MN0801,Upper East Side-Lenox Hill-Roosevelt Island,85527,Lowest,0.0,0.0,0.1052,0.2338,0.1988,0.3742,0.3742,0.3157,0.2806,0.3625,0.1403,0.2923,0.1988,0.4326,0.8535,1.4732,0.5378,0.9938,0.9471,0.7015,0.1403,0.0117,0.3508,0.8886,0.8886,0.8418,0.2222,0.4794,0.4326,0.4326,0.3391,0.4911,0.3625,0.7249,0.6314,0.456,0.3508,0.1169,0.3858,0.2222,0.1403,0.0818,0.0468,0.0,0.1403,0.1754,0.2105,0.3625,0.304,0.2923,0.2923,0.1754,0.1637,0.2222,0.1286,0.0935,0.1403,0.3274,0.1286,0.0,0.0,1.4849,1.1225,1.4732,1.5083,2.1163,4.5366,4.6652,7.7753,9.8448,6.9569,3.1335,11.5987,10.6867,8.6055,5.8812,5.0627,1.216,4.9107,4.3495,6.08,5.9046,7.9273,7.8572,10.1605,11.0491,12.4288,9.6928,4.8055,11.3414,9.2135,10.2541,9.915,7.5298,2.3618,0.5963,0.6898,1.1341,2.1748,2.5372,4.2326,2.7126,4.0806,5.4135,6.723,3.3089,6.8399,9.155,9.7513,8.8042,6.3138,2.8763,0.0117,0.0,0.0117,0.0234,0.0117,4.8406,3.5427,1.7889,2.5138,2.2917,0.0468,1.5083,4.291,1.5901,1.2745,2.0111,0.0117,0.6197,0.5261,0.6314,1.1809,1.6837,2.2683,1.8357,2.128,2.9815,2.3268,1.0757,2.4671,2.3384,3.1452,2.3969,2.0344,0.8185
MN0803,Upper East Side-Yorkville,84046,Lowest,0.0,0.0,0.119,0.3807,0.2856,0.3926,0.2023,0.3926,0.3332,0.2618,0.1666,0.2499,0.2023,0.345,0.702,1.2731,0.3688,0.9043,0.7496,0.7258,0.1785,0.0119,0.3213,0.8567,0.6425,0.6901,0.1785,0.2856,0.5235,0.345,0.6187,0.6068,0.6901,0.7615,0.6544,0.5116,0.464,0.3213,0.2261,0.1428,0.1666,0.0238,0.0238,0.0238,0.0952,0.0357,0.0,0.0,0.2499,0.2023,0.3332,0.464,0.6901,0.4045,0.4759,0.345,0.1785,0.0357,0.0238,0.0,0.0,1.9751,2.451,2.0941,2.8794,2.9389,5.1162,7.02,10.9345,11.5056,8.4716,4.8307,16.134,12.8501,9.4115,7.4364,5.9967,1.9275,5.3661,5.3185,7.1033,9.6138,10.8036,10.1849,10.2087,12.7192,12.4456,10.7084,6.6273,12.3266,8.1027,11.9101,11.2914,10.2444,3.3791,0.7615,1.0589,2.3678,2.7366,4.3072,4.3548,4.7117,5.3066,4.9616,6.1395,3.7836,7.8052,8.7095,12.5289,10.6251,8.8166,3.6409,0.0,0.0119,0.0476,0.1904,0.0119,5.8658,4.3072,1.9156,3.1054,2.9865,0.0119,1.987,6.08,2.4034,1.9156,2.5462,0.0119,0.7258,0.8329,1.4278,1.7966,2.2726,2.8675,2.3678,2.3321,2.8437,2.6771,1.166,2.3321,1.749,3.4505,2.2845,2.2488,1.2136
MN0702,Upper West Side (Central),101767,Lowest,0.0,0.0,0.0688,0.3734,0.1965,0.3046,0.2457,0.2555,0.2555,0.2948,0.1474,0.2751,0.2064,0.2555,0.7566,1.4052,0.3832,0.7665,0.8647,0.5699,0.0786,0.0,0.2457,0.452,0.678,0.5896,0.1965,1.2479,1.3855,1.4641,1.474,1.4445,1.5133,1.867,1.9554,1.7687,1.7196,1.4346,1.2971,0.9925,0.6584,0.3734,0.226,0.0197,0.1376,0.167,0.1179,0.0491,0.0491,0.2064,0.2653,0.2751,0.2653,0.3144,0.3931,0.1376,0.1867,0.0786,0.0,0.0,0.0,2.319,2.6924,2.0439,2.9086,3.793,7.6253,7.8709,15.4962,14.5135,11.5951,6.8686,19.7903,17.1274,14.8673,13.2656,10.2391,2.1913,5.2866,6.7212,7.3796,10.2686,10.4454,14.6904,15.4077,17.8545,22.355,18.9256,12.165,17.9921,15.5257,17.7857,20.7336,14.9852,5.0016,1.13,1.0809,1.5919,4.0878,5.0016,5.9843,5.0508,6.2594,7.4484,10.5928,8.1264,10.2194,12.1454,15.3488,17.5794,15.5748,5.8467,0.0,0.0,0.0491,0.059,0.0491,9.8853,7.2027,3.7242,5.3455,4.4907,0.0295,3.508,10.1113,4.5693,3.341,4.1762,0.0393,0.5699,0.8745,1.0318,2.1815,2.0144,3.3606,2.7219,3.0757,3.9502,3.4884,2.7121,3.6063,2.6433,3.6849,4.2352,4.8051,2.0537
MN0701,Upper West Side-Lincoln Square,70697,Lowest,0.0,0.0,0.0141,0.198,0.099,0.1556,0.1132,0.1697,0.1414,0.2546,0.1414,0.1697,0.1839,0.2688,0.6648,2.0793,0.5375,0.6365,0.5516,0.6648,0.099,0.0,0.1556,0.6224,0.6224,0.6931,0.2263,0.4385,0.8628,1.0184,0.9619,0.9477,0.7921,0.9477,0.7638,0.7921,0.7072,0.4951,0.6082,0.4668,0.198,0.1273,0.1414,0.0424,0.2263,0.1556,0.1414,0.3678,0.4102,0.4385,0.4668,0.5941,0.297,0.3961,0.2122,0.1414,0.099,0.0707,0.0707,0.0283,0.0,0.8487,0.778,0.7355,0.976,1.0184,3.2958,3.3099,5.8418,6.6057,4.3,2.9421,8.685,7.4685,6.4076,4.8517,4.7951,0.4668,1.853,1.6408,1.8954,2.6168,4.1303,5.8843,4.102,4.5122,8.2889,6.6905,2.8573,5.4741,5.4316,6.054,6.9876,4.7527,0.9194,0.2688,0.2688,0.4951,0.4668,1.9378,2.6027,1.3296,1.8954,3.5928,3.2958,1.7115,2.9704,5.4033,5.4175,8.105,4.3849,1.1174,0.0,0.0,0.0566,0.0283,0.0566,5.078,2.8148,1.5559,2.5885,1.9944,0.0141,1.6691,4.5688,2.2207,2.0793,1.8813,0.0141,0.1697,0.1556,0.2688,0.3819,0.6931,1.2589,0.7214,1.075,1.9096,0.9619,0.7638,0.8628,1.3013,1.4003,1.9237,0.976,0.3819
MN0703,Upper West Side-Manhattan Valley,51751,Low,0.0,0.0,0.0966,0.3092,0.1739,0.3092,0.1932,0.3478,0.2512,0.3671,0.1932,0.0966,0.1932,0.3478,0.7536,1.256,0.2512,1.1594,1.2174,0.6956,0.1159,0.058,0.2898,1.0628,1.0435,1.256,0.4444,0.2705,0.4638,0.5024,0.2512,0.3285,0.3092,0.8309,0.657,0.8502,1.0048,0.8116,0.5797,0.4251,0.2512,0.0773,0.0386,0.0,0.2319,0.2126,0.1546,0.1159,0.1159,0.1159,0.0386,0.0773,0.2319,0.1546,0.1353,0.1159,0.2512,0.0193,0.0,0.0,0.0,3.1497,2.7826,5.1207,5.3912,9.6037,11.6713,13.1592,24.328,18.3571,24.6759,10.9563,21.6807,19.9803,19.2074,14.7823,13.6036,3.5555,9.2752,9.6423,17.391,19.4586,32.6757,23.8256,27.5937,38.7625,34.724,49.5063,22.1252,39.1876,29.4101,42.0861,41.3132,35.6901,6.9757,1.6618,1.4686,6.2607,8.7341,10.9756,9.8549,10.3766,14.0674,11.2075,23.9995,12.7534,18.5117,20.7339,28.27,28.2893,26.4343,7.0917,0.0,0.0,0.0773,0.0193,0.0386,5.6231,3.6714,2.0289,3.2463,2.6859,0.058,1.913,5.2559,2.9371,1.913,2.6859,0.0193,1.1594,1.0628,1.8937,3.5748,5.1593,4.2318,5.5458,6.9371,5.8356,7.9226,3.2463,6.0095,5.4298,7.8066,6.3767,6.8984,2.8019
BX1203,Wakefield-Woodlawn,47657,Intermediate,0.0,0.0,0.1679,0.2728,0.1469,0.2518,0.1679,0.1469,0.1049,0.2518,0.1049,0.1679,0.1259,0.3357,0.6085,0.7344,0.2098,4.5744,4.973,4.3226,0.6924,0.0,0.9442,2.2452,2.1613,3.0426,0.7764,0.3777,0.3777,0.5665,0.2938,0.2308,0.2518,0.3147,0.3777,0.4826,0.8183,0.4826,0.3987,0.2728,0.1888,0.0839,0.021,0.042,1.28,0.5036,0.7554,1.1541,0.6505,0.7344,0.6505,1.6367,0.8183,0.6505,0.4406,0.8393,0.9233,0.7974,0.6715,0.2518,0.0629,5.5186,6.8615,8.6031,13.2824,14.0588,23.4383,19.8292,16.5768,18.1296,20.5007,14.4365,33.5732,38.3155,43.3934,49.8982,37.9168,7.6589,18.0876,18.9269,21.9695,46.5409,49.2268,56.0463,62.2154,49.4786,47.8629,37.3083,27.5301,40.4138,46.0373,66.2862,85.297,65.8455,15.8634,2.8537,4.973,6.4628,17.3951,20.4797,24.1518,21.0043,18.9059,19.3466,27.2992,20.2908,27.7609,33.6782,47.653,62.1944,54.7454,14.2686,0.1049,0.1888,0.2098,0.3147,0.5036,19.2417,11.289,9.3166,13.1985,11.8346,0.4616,11.4149,26.9845,14.4575,11.4149,13.744,0.6505,1.0911,2.4131,2.1193,6.253,6.8825,7.6589,5.4137,5.7284,7.1343,6.9874,4.1967,5.3298,6.5258,9.4425,14.5204,11.8556,3.6301
MN1202,Washington Heights (North),71842,High,0.0,0.0,0.1949,0.2923,0.2645,0.2366,0.3062,0.3062,0.1531,0.181,0.1392,0.2645,0.2505,0.3341,0.8769,1.03,0.3758,2.6029,2.2689,2.1575,0.3619,0.0278,0.3897,2.1993,2.9648,2.8674,0.6821,0.1392,0.0835,0.0696,0.0696,0.0696,0.1949,0.2088,0.2784,0.181,0.1114,0.0974,0.0835,0.0418,0.0278,0.0139,0.0139,0.0,0.1531,0.1531,0.0974,0.0974,0.0696,0.0974,0.2227,0.1253,0.0696,0.1114,0.0557,0.2088,0.3062,0.1253,0.167,0.0557,0.0139,8.5465,15.9238,20.5312,25.3473,22.8418,32.1121,30.7898,43.7488,38.0975,35.4528,23.4264,35.7312,35.7869,32.9891,33.2814,34.3114,7.5443,27.6718,39.3642,56.5407,71.699,75.7774,82.7232,70.0704,83.7115,94.1232,77.8792,54.0909,82.1386,77.8236,86.7042,90.4902,96.2668,30.9568,7.1546,12.096,22.466,34.8543,35.7173,33.1979,26.4887,34.9656,32.5993,42.5935,34.4645,47.5627,56.1928,56.7078,63.8067,80.2316,19.3063,0.0139,0.0139,0.181,0.4037,0.2366,3.3407,2.0879,1.0857,1.7678,1.4755,0.181,1.1414,2.6447,1.3084,1.8234,1.7121,0.1253,2.589,4.0506,6.8762,9.9246,10.4396,11.2051,10.8572,12.3744,12.5832,10.4117,7.8923,11.8176,9.7854,11.3443,14.7964,16.0213,6.389
MN1201,Washington Heights (South),72037,Highest,0.0,0.0,0.2776,0.2915,0.3332,0.2221,0.2915,0.3748,0.2915,0.1666,0.1805,0.2776,0.3054,0.3748,0.5969,0.9301,0.2776,3.1373,3.0123,2.1378,0.4442,0.0139,0.5414,2.2072,3.3733,3.0123,0.8051,0.1388,0.347,0.1943,0.2082,0.3332,0.2082,0.4442,0.5414,0.4442,0.5553,0.4303,0.2082,0.1527,0.1388,0.0278,0.0,0.0,0.0416,0.0555,0.1805,0.2638,0.236,0.3887,0.1805,0.3332,0.1388,0.1111,0.0694,0.0694,0.0555,0.0694,0.0278,0.0278,0.0,11.3969,15.4226,22.2941,27.7635,28.8046,41.0067,37.8555,49.8355,44.3939,56.818,35.4262,48.0586,42.9918,47.4201,47.3507,38.3414,9.8699,32.7332,45.0463,64.2725,84.7342,88.2186,105.4597,96.617,111.4288,116.1625,122.5481,78.2098,106.5564,103.308,119.4525,125.3939,114.6217,31.2617,9.1064,11.8411,26.0977,43.2694,45.2406,44.4494,39.799,39.9378,40.8957,69.964,50.946,65.4941,70.8941,85.9697,93.6324,85.5255,24.307,0.0416,0.0416,0.1805,0.2915,0.1249,5.2057,2.9429,1.999,3.9563,2.1656,0.3887,2.2905,4.8309,2.0267,2.11,2.9152,0.472,3.1512,4.8309,9.3563,12.2298,14.4648,16.436,14.4231,15.964,14.5758,17.0746,11.036,15.0895,15.2838,19.5594,19.018,20.1424,7.4684
BX0601,West Farms,20147,Highest,0.0,0.0,0.1489,0.4964,0.2978,0.2978,0.2978,0.2482,0.0993,0.0496,0.0,0.1489,0.1489,0.3971,0.1489,0.6453,0.2978,6.3037,6.7007,5.2117,0.7445,0.0,1.1416,3.7723,3.8219,4.5664,0.8934,0.0,0.0993,0.0993,0.1985,0.1985,0.1985,0.0,0.1489,0.0,0.0,0.0496,0.0,0.0,0.0496,0.0496,0.0496,0.0,0.5956,0.2978,0.7445,0.7445,0.8934,1.2409,0.2978,1.2409,1.8861,1.5387,1.4394,2.0847,1.3401,0.546,0.0496,0.8934,0.1489,7.2467,10.3738,22.2862,16.4789,16.3796,30.9724,34.695,37.0278,37.0278,38.6162,30.2278,45.3666,50.6279,48.8907,67.1564,49.7841,14.0468,24.9665,35.7373,62.7389,60.4557,56.5345,70.7798,106.3186,87.5068,97.6324,83.7842,62.6396,81.0543,86.5638,122.3011,187.4721,172.4326,47.898,4.1694,8.7854,15.2876,22.0877,24.5694,30.3271,40.4527,24.5694,31.022,56.0381,47.5009,57.4775,74.6017,108.6018,163.2005,123.7901,40.7505,0.0993,0.2978,0.0496,0.1985,0.1489,6.9489,4.0204,3.127,4.4672,3.9708,0.0496,4.6161,8.8351,4.5664,4.1197,4.5168,0.6453,2.581,5.857,9.7285,9.381,9.7781,9.8278,14.4438,10.5723,11.3665,12.9548,7.5445,11.9124,14.7416,20.8964,33.1563,27.9446,12.1606
SI0104,West New Brighton-Silver Lake-Grymes Hill,37010,Lowest,0.0,0.0,0.2702,0.2432,0.1081,0.1891,0.2162,0.1081,0.1621,0.3513,0.1621,0.0811,0.1621,0.2432,0.6215,0.6215,0.2702,1.2699,1.405,1.2969,0.2162,0.0811,0.4593,1.7022,1.8103,1.7022,0.2972,1.0808,1.4861,1.1078,0.7025,0.5134,1.2699,0.7295,1.2969,0.8646,1.2699,0.8106,0.5404,0.2972,0.4323,0.054,0.1351,0.027,1.5671,1.0808,0.4864,0.9457,1.1348,2.2426,2.4318,2.2426,2.2156,1.2969,0.8917,1.0538,0.8646,1.1348,1.4861,0.9727,0.2972,1.9184,1.6482,2.0535,1.8914,3.8638,2.8641,2.9181,2.0805,3.0802,4.3772,1.9184,6.5928,6.6198,7.7276,5.5931,10.1054,1.7022,13.2126,15.2391,11.7806,14.5096,17.5088,12.7263,9.3218,6.4307,9.619,9.0246,4.08,7.7817,8.5112,12.348,13.753,19.5353,5.2148,1.2969,1.9454,3.7828,4.2151,4.7825,3.7828,2.702,2.3777,3.7017,4.4853,1.9724,4.08,5.3229,5.9173,7.5115,11.1051,3.4315,0.027,0.054,0.1081,0.2432,0.1351,5.6201,5.0527,3.7828,5.512,4.9986,0.2162,6.4037,12.4561,6.863,6.782,7.1332,0.054,0.1891,0.1351,0.1891,0.2432,0.4053,0.4323,0.1891,0.1621,0.3783,0.8376,0.1621,0.4593,0.3242,0.7295,0.7566,1.6752,0.5944
MN0203,West Village,35011,Lowest,0.0,0.0,0.2285,1.4852,1.1425,1.4567,1.0854,1.6852,1.4567,1.4281,0.6569,0.7712,1.2853,1.5709,3.7131,7.9404,2.0851,0.7712,0.7712,0.7141,0.0857,0.0286,0.1999,0.457,0.5427,0.3713,0.3713,2.9134,2.9991,2.9419,2.8277,3.4275,2.7706,2.6849,3.7131,2.9991,3.3704,3.4846,3.5703,2.5992,1.3424,0.8854,0.3999,0.0571,0.3713,0.2856,0.1714,0.2571,0.1714,0.2856,1.0568,1.1425,1.7137,2.3992,1.8566,1.5138,0.5427,0.3713,0.3713,0.0,0.0,3.7417,3.9416,2.9419,4.9984,3.5989,11.425,9.4256,16.5091,16.4805,9.2257,6.9692,31.1331,27.22,19.651,14.881,13.3958,1.9422,9.1114,8.9115,9.9683,15.4523,13.6243,16.8233,17.623,17.9658,22.8214,15.3666,12.5104,17.823,15.3095,13.0816,13.5957,7.7404,5.3126,0.6855,1.7137,2.7134,5.6268,4.2558,7.7404,9.2257,6.2266,8.8829,8.483,8.5116,10.2254,12.3675,12.0248,14.9096,10.8537,7.7975,0.0,0.0,0.1142,0.1999,0.0286,19.8795,14.424,6.6551,10.054,8.9115,0.0571,7.1121,20.4507,9.397,7.2549,7.8261,0.0,1.2853,0.914,1.7709,2.8562,2.8562,3.9702,5.7125,3.199,4.3986,3.1419,2.8848,3.9416,3.2561,3.5989,3.4561,3.3704,2.9134
BX1001,Westchester Square,17376,Highest,0.0,0.0,0.1151,0.0,0.4604,0.2302,0.2878,0.2302,0.2302,0.0576,0.2302,0.2878,0.1727,0.7482,0.5755,1.0935,0.2302,2.6473,2.8775,2.2445,0.6331,0.0,0.518,1.5539,1.7841,2.2445,0.7482,0.5755,0.4604,0.3453,0.2302,0.2878,0.1727,0.0,0.0576,0.1727,0.4604,0.1727,0.1151,0.0576,0.0576,0.0,0.0,0.0,1.9567,1.0359,0.518,1.2661,0.4604,0.2302,0.1727,0.1727,0.8633,0.3453,0.2878,0.2302,0.8633,0.4029,0.0,0.0,0.0,4.9494,5.64,4.1436,9.0355,10.7044,15.7689,13.8122,19.0493,13.6395,28.3725,11.6252,44.1413,34.0124,47.8821,61.2339,43.0479,7.8844,15.366,14.3301,18.3587,28.8329,33.552,37.2928,38.7891,36.3145,33.3218,53.2919,21.9268,47.2491,42.8752,60.0253,123.1584,82.7578,19.2219,3.3955,2.9926,4.8343,11.2799,10.9922,11.2224,12.4309,12.4309,12.0856,34.1275,16.1717,33.7247,31.7104,49.5511,86.6713,63.7086,18.8191,0.0576,0.0576,0.1151,0.1727,0.0576,24.0562,12.8338,9.2657,12.7762,11.0497,0.6331,11.1648,28.4876,14.0999,11.2799,13.8122,0.3453,1.669,1.3237,2.1294,3.453,3.9134,5.122,3.2804,3.2804,3.3379,4.7192,2.7049,6.791,7.942,12.2583,17.5529,12.9489,6.1579
SI0105,Westerleigh-Castleton Corners,31458,Lowest,0.0,0.0,0.0954,0.2543,0.1589,0.2861,0.1907,0.2861,0.1907,0.2225,0.0318,0.0636,0.0954,0.2861,0.5722,0.6676,0.0954,0.5404,0.4768,0.445,0.0636,0.0954,0.2225,0.3815,0.3815,0.4768,0.2861,2.4477,2.4795,2.8292,2.8292,2.2888,2.8927,2.3523,2.5431,1.5894,1.9709,1.4623,0.8265,0.3497,0.2225,0.0318,0.2861,0.0,1.8437,1.3351,1.5894,2.4159,2.7656,1.9073,1.8437,1.7166,1.1126,1.8755,0.6993,0.8265,0.2543,0.0636,0.0318,0.0318,0.0,0.0636,0.9219,0.8265,1.1126,1.5894,0.9854,0.3497,1.0172,0.5722,0.7629,0.1272,1.6848,2.257,1.3033,2.0662,1.9073,0.3815,1.0172,2.8292,2.0027,3.9736,4.4504,3.306,0.8265,1.7484,1.4305,1.3351,0.8583,3.5285,2.7974,2.098,4.4822,4.4504,1.049,0.1272,0.6358,0.604,1.1126,1.3351,1.1762,0.5086,1.208,0.6993,0.3497,0.7311,0.5404,1.3351,0.4132,1.9073,1.4623,0.4132,0.0,0.0,0.0,0.0318,0.0318,1.0808,0.7947,1.0808,2.5113,2.2888,0.1272,2.1934,5.5948,3.0517,2.9881,3.0517,0.0954,0.0,0.0,0.1272,0.0636,0.1907,0.1589,0.1907,0.0954,0.0,0.2225,0.0,0.0318,0.0954,0.0,0.1589,0.0,0.0318
QN0702,Whitestone-Beechhurst,28408,Low,0.0,0.0,0.0352,0.1056,0.1056,0.2816,0.176,0.1056,0.176,0.1408,0.0352,0.0352,0.1056,0.3872,0.528,0.8448,0.0704,0.2112,0.5632,0.2464,0.0,0.0,0.0704,0.4224,0.7392,0.528,0.176,3.8017,4.1186,3.4497,4.7522,6.7235,5.3154,4.4002,6.7939,4.893,4.3298,3.6257,2.0065,0.9856,0.6336,0.7744,0.3872,0.1056,6.1602,5.3506,4.893,4.4354,3.5905,4.4706,8.2723,8.9059,5.7026,7.7795,3.6257,3.9778,4.013,0.7744,0.2816,0.2816,0.0704,0.1408,0.1056,0.1056,0.176,0.0704,0.0704,0.1056,0.2112,0.5632,0.528,0.6688,2.7105,2.5697,3.0273,4.0482,2.4641,0.8448,1.0912,0.8096,0.3872,1.4785,0.7392,0.7744,0.7744,1.1264,1.6193,1.0208,0.6688,1.5137,1.6897,2.3585,3.1681,3.5201,1.0208,0.176,0.1408,0.0,0.5632,0.176,0.2112,0.1056,0.3872,0.528,0.2112,0.4576,0.6688,0.704,1.4081,1.6545,1.9009,0.9856,0.0,0.0,0.0,0.0,0.1056,3.4849,1.3377,1.232,3.0625,2.4289,0.0352,2.7457,7.2867,4.4706,3.6257,4.0482,0.0352,0.176,0.0352,0.0,0.0352,0.0,0.1056,0.0,0.0352,0.0352,0.0,0.1056,0.0352,0.0704,0.1408,0.1056,0.3168,0.2464
BX1201,Williamsbridge-Olinville,61346,High,0.0,0.0,0.0815,0.163,0.0652,0.1793,0.1467,0.1467,0.0815,0.0652,0.0489,0.0978,0.0652,0.2119,0.2445,0.4564,0.1304,5.9988,4.9555,5.2978,0.9129,0.0,1.0759,3.684,3.3417,4.01,1.2063,0.6683,0.4564,0.4564,0.4727,0.3586,0.3097,0.4238,0.2934,0.5542,0.7172,0.2934,0.5705,0.3749,0.1956,0.163,0.0815,0.0489,2.3147,2.2006,2.4614,1.3693,1.19,1.1411,1.1737,1.1248,1.4508,2.3473,1.4997,1.9561,1.4997,1.0922,0.5705,0.1793,0.0326,7.4985,8.2483,11.7367,16.138,19.8546,23.995,23.2289,24.8753,35.6176,37.0847,23.0822,51.1199,54.7387,57.7381,59.7105,46.9468,8.4765,23.8646,26.049,35.6665,50.0114,62.8729,62.6121,73.2403,73.5989,85.3845,68.839,41.3882,65.2691,71.6754,85.2052,105.0435,79.5977,16.8878,5.2652,5.4119,10.9706,22.4465,28.6571,26.212,28.2659,26.0653,31.6402,49.4735,34.5744,45.17,58.2597,68.8064,81.7005,64.7149,17.6866,0.1141,0.1467,0.1956,0.2608,0.6031,25.7229,14.2634,12.1279,16.4477,15.5185,0.652,16.2521,35.8948,17.6866,15.3066,16.3988,0.4238,1.9887,2.2169,4.3361,7.5474,10.2696,8.5091,9.8132,8.8025,11.5411,9.0307,6.716,10.1718,11.3292,15.0295,17.7844,13.758,5.2326
BK0102,Williamsburg,64444,Intermediate,0.0,0.0,0.0155,0.7138,0.5897,0.6828,0.7293,0.8069,0.7293,0.5897,0.5431,0.5741,0.9,1.0086,2.7931,4.6707,1.2569,0.7604,0.8379,0.8845,0.1707,0.0466,0.2793,0.7293,0.9466,1.0086,0.2017,1.7535,1.6914,1.6759,2.3586,2.5138,2.8707,2.9638,3.4138,3.6311,2.9173,1.8,1.7845,1.319,1.0086,0.5741,0.3259,0.1086,3.7086,2.8552,2.8707,3.9104,4.469,5.8966,5.3845,5.5087,4.4224,3.2586,2.8086,2.6535,2.1879,1.2569,1.1793,0.8069,0.1862,1.7379,3.2276,4.3759,7.3242,5.4776,7.6345,10.6604,16.8674,19.0088,22.4071,15.626,40.3296,32.9433,34.0761,26.0847,27.9312,2.5604,6.2535,9.838,11.3742,18.1553,19.1329,17.2863,24.3622,30.8795,37.3658,36.4968,23.1364,29.9795,26.4881,34.1382,29.1261,31.5313,7.2,2.3276,2.0638,2.9638,6.5638,6.6414,6.238,8.969,8.2707,11.2656,17.5812,15.0208,16.9915,17.2398,21.1812,20.5605,26.0226,7.9138,0.0621,0.0466,0.1086,0.2793,0.0,21.2898,10.3811,8.8759,11.157,10.257,0.0931,10.0397,23.1053,10.2725,9.4811,9.1863,0.0466,1.0552,1.5207,1.5673,3.1345,3.7862,3.1811,5.1983,4.2828,6.2845,5.8656,5.2138,5.7259,4.95,6.7966,6.0362,8.5345,2.8552
BK0701,Windsor Terrace-South Slope,23622,Lowest,0.0,0.0,0.0847,0.254,0.1693,0.3387,0.2963,0.2963,0.0847,0.127,0.0423,0.2117,0.2117,0.4233,0.762,1.27,0.4233,0.2963,0.508,0.254,0.3387,0.0,0.127,0.1693,0.3387,0.381,0.0,1.4393,1.8627,1.8627,1.4817,2.0743,2.3707,2.4977,3.3867,3.175,2.032,1.8627,1.778,0.762,0.4233,0.3387,0.381,0.0423,1.3547,0.5927,1.3547,1.7357,1.4393,1.016,1.1007,1.397,2.032,1.8627,2.159,1.3547,0.5927,0.508,0.4233,0.0847,0.0423,1.8203,1.778,4.445,4.318,3.0903,2.667,5.5033,5.5033,9.8637,7.9163,5.7997,33.9937,28.3211,25.3577,27.6861,26.8394,2.7093,4.0217,7.0697,7.2813,10.3717,10.668,6.3923,9.2287,10.8374,13.4197,10.3294,8.5514,20.066,9.9484,16.7217,22.0134,18.2457,4.6567,1.1853,0.9313,4.191,6.2653,4.1487,2.3283,3.0057,3.302,5.3763,8.5937,4.953,13.6737,8.8477,10.8374,19.8544,18.2034,5.6727,0.0,0.0847,0.0423,0.0423,0.0847,25.5271,10.5834,10.287,13.2504,12.2344,0.0423,11.0914,28.9984,14.1394,11.176,11.0914,0.1693,0.4657,0.5503,1.143,1.8203,1.7357,1.1007,1.27,1.651,1.651,2.159,2.1167,5.3763,2.5823,3.0057,4.191,4.8683,1.651
QN0905,Woodhaven,41948,Intermediate,0.0,0.0,0.0954,0.1192,0.3099,0.2861,0.143,0.2146,0.2146,0.2146,0.2861,0.143,0.143,0.4053,0.3814,0.7628,0.2384,1.1681,1.2158,1.4065,0.1907,0.0,0.0954,0.6437,0.882,1.1443,0.4529,0.1669,0.2622,0.4768,0.4053,0.0238,0.1669,0.2861,0.739,0.7152,0.6198,0.3099,0.3337,0.0477,0.1192,0.0238,0.0,0.0238,0.4768,0.2861,0.0715,0.2861,0.143,0.0,0.7628,0.2146,0.1669,0.3576,0.3576,0.4291,0.5245,0.2384,0.0715,0.0238,0.0477,1.192,1.4542,1.4303,1.5495,1.7164,3.4328,1.9071,2.5508,2.2647,3.5043,2.4077,9.2972,11.8242,10.4177,12.7062,9.8932,1.0251,6.8895,6.5081,9.5595,8.4152,8.6059,9.5118,6.818,10.1554,12.8969,9.0112,7.6047,7.3663,7.7715,8.2721,15.4715,9.917,3.8619,1.931,1.0966,1.6926,2.9084,3.6951,2.9322,2.3839,2.6461,2.5508,3.6474,2.7415,4.3387,6.1982,10.2746,9.8455,8.0338,2.5269,0.0477,0.0238,0.0715,0.0477,0.2146,7.2947,5.2207,3.409,8.4629,7.3901,0.3576,8.153,17.3548,9.5595,10.1554,9.0827,0.0954,0.3337,0.1192,0.3099,0.4529,0.5721,0.6437,0.3814,1.0012,0.2622,0.4291,1.0728,0.4529,0.9059,1.1204,1.9548,1.0012,0.5721
QN0203,Woodside,53188,Intermediate,0.0,0.0188,0.3008,0.3572,0.3948,0.3572,0.2444,0.3196,0.1692,0.188,0.1692,0.1316,0.2444,0.3572,0.8649,1.2221,0.3572,0.6392,1.0529,0.8273,0.1504,0.0,0.1128,0.5452,0.9777,1.2597,0.4136,0.6392,0.8461,0.752,1.0153,0.4324,0.5452,0.8461,0.7144,0.8461,0.9777,0.5076,0.3948,0.3196,0.1692,0.0564,0.0564,0.0,0.9589,1.3349,1.3725,1.3537,0.9965,1.7485,1.5605,1.7861,1.4665,1.4477,1.2785,1.5041,0.752,0.4512,0.1128,0.0,0.0188,1.2785,1.7109,1.9741,3.6474,2.9894,3.1022,2.933,5.6404,5.5276,7.3513,3.9295,21.5086,21.4898,18.4252,21.6402,17.3159,2.3126,6.3736,6.8625,6.3924,9.2126,10.7919,9.9459,9.7766,12.3148,9.5322,13.9881,6.0164,11.9952,9.4194,7.4077,15.0786,15.1726,3.4406,0.8085,1.3161,1.7861,3.497,3.4218,2.8954,3.1962,3.3278,3.309,8.8742,5.3019,8.1597,8.6298,8.8366,14.4205,12.7472,3.4594,0.0188,0.0188,0.0376,0.0188,0.0,15.9622,10.0587,6.5992,9.4006,7.8777,0.0564,8.0657,15.981,11.2807,8.2725,8.4042,0.1128,0.3948,0.5828,0.658,1.0717,1.1469,0.9589,0.8837,1.2221,1.1469,2.3502,0.9401,1.6545,1.0717,1.5793,3.309,2.5194,0.9777
